pdf_file_name,block_coverage
pdftc_010k_0048.xml,2.239542950418282
pdftc_010k_0164.xml,2.241991430320343
pdftc_010k_0611.xml,2.2934095082636197
pdftc_010k_0003.xml,2.5031626198734953
pdftc_010k_0002.xml,2.5194858192205674
pdftc_010k_0004.xml,2.5309120587635174
pdftc_010k_1868.xml,2.5839624566415016
pdftc_010k_0092.xml,5.725362170985513
pdftc_010k_0021.xml,5.794735768210569
pdftc_010k_1135.xml,6.246072230157111
pdftc_010k_0847.xml,6.329320546827178
pdftc_010k_0001.xml,6.38645174454193
pdftc_010k_1109.xml,6.754539889818404
pdftc_010k_1110.xml,6.759436849622526
pdftc_010k_0097.xml,7.041828198326872
pdftc_010k_0196.xml,7.063048357478066
pdftc_010k_0199.xml,7.063048357478066
pdftc_010k_0006.xml,7.065496837380127
pdftc_010k_0005.xml,7.067129157314834
pdftc_010k_0415.xml,7.2197510712099575
pdftc_010k_0112.xml,7.263007549479698
pdftc_010k_0113.xml,7.263007549479698
pdftc_010k_0012.xml,7.281779228728831
pdftc_010k_0121.xml,7.309528667618853
pdftc_010k_0122.xml,7.310344827586207
pdftc_010k_0155.xml,7.319322587227097
pdftc_010k_0153.xml,7.32013874719445
pdftc_010k_0259.xml,7.326668026933279
pdftc_010k_0119.xml,7.332381146704754
pdftc_010k_0115.xml,7.337278106508876
pdftc_010k_0158.xml,7.343807386247705
pdftc_010k_0018.xml,7.347072026117119
pdftc_010k_0156.xml,7.3495205060191795
pdftc_010k_1858.xml,7.352785145888594
pdftc_010k_1857.xml,7.353601305855948
pdftc_010k_1859.xml,7.353601305855948
pdftc_010k_0127.xml,7.3593144256274226
pdftc_010k_0008.xml,7.3609467455621305
pdftc_010k_0009.xml,7.361762905529484
pdftc_010k_0120.xml,7.3625790654968375
pdftc_010k_0103.xml,7.368292185268313
pdftc_010k_0114.xml,7.3691083452356665
pdftc_010k_0116.xml,7.374005305039788
pdftc_010k_0132.xml,7.379718424811263
pdftc_010k_0133.xml,7.411548663538054
pdftc_010k_0007.xml,7.424607223015711
pdftc_010k_0137.xml,7.428688022852479
pdftc_010k_0014.xml,7.437665782493369
pdftc_010k_0168.xml,7.440114262395429
pdftc_010k_0106.xml,7.443378902264844
pdftc_010k_0013.xml,7.445827382166905
pdftc_010k_1132.xml,7.445827382166905
pdftc_010k_0105.xml,7.450724341971027
pdftc_010k_0140.xml,7.450724341971027
pdftc_010k_0025.xml,7.452356661905734
pdftc_010k_0150.xml,7.465415221383391
pdftc_010k_0126.xml,7.466231381350744
pdftc_010k_0188.xml,7.467863701285452
pdftc_010k_0174.xml,7.468679861252806
pdftc_010k_0010.xml,7.469496021220159
pdftc_010k_0193.xml,7.478473780861049
pdftc_010k_0210.xml,7.482554580697816
pdftc_010k_0011.xml,7.48337074066517
pdftc_010k_0224.xml,7.487451540501938
pdftc_010k_0214.xml,7.489083860436645
pdftc_010k_1150.xml,7.489900020403999
pdftc_010k_1142.xml,7.493164660273414
pdftc_010k_1139.xml,7.494796980208121
pdftc_010k_0022.xml,7.502958579881657
pdftc_010k_0245.xml,7.5037747398490104
pdftc_010k_0240.xml,7.506223219751071
pdftc_010k_0239.xml,7.5070393797184245
pdftc_010k_0060.xml,7.507855539685778
pdftc_010k_0678.xml,7.511120179555193
pdftc_010k_0015.xml,7.5217302591307895
pdftc_010k_0154.xml,7.52417873903285
pdftc_010k_0056.xml,7.525811058967558
pdftc_010k_0299.xml,7.525811058967558
pdftc_010k_0157.xml,7.527443378902265
pdftc_010k_0017.xml,7.5282595388696185
pdftc_010k_0298.xml,7.5282595388696185
pdftc_010k_0300.xml,7.529075698836972
pdftc_010k_0301.xml,7.5298918588043255
pdftc_010k_1169.xml,7.5298918588043255
pdftc_010k_1167.xml,7.532340338706386
pdftc_010k_0019.xml,7.5331564986737405
pdftc_010k_0026.xml,7.5331564986737405
pdftc_010k_0063.xml,7.539685778412569
pdftc_010k_0124.xml,7.541318098347276
pdftc_010k_0125.xml,7.541318098347276
pdftc_010k_1172.xml,7.541318098347276
pdftc_010k_0974.xml,7.54213425831463
pdftc_010k_0231.xml,7.543766578249337
pdftc_010k_0305.xml,7.547031218118751
pdftc_010k_0304.xml,7.548663538053458
pdftc_010k_1170.xml,7.556008977759641
pdftc_010k_0098.xml,7.556825137726994
pdftc_010k_1183.xml,7.556825137726994
pdftc_010k_0024.xml,7.561722097531116
pdftc_010k_0023.xml,7.564170577433177
pdftc_010k_0053.xml,7.569067537237299
pdftc_010k_0128.xml,7.571516017139359
pdftc_010k_0145.xml,7.572332177106713
pdftc_010k_0049.xml,7.576412976943481
pdftc_010k_1180.xml,7.576412976943481
pdftc_010k_0020.xml,7.578045296878188
pdftc_010k_0052.xml,7.578045296878188
pdftc_010k_0096.xml,7.578045296878188
pdftc_010k_0038.xml,7.580493776780249
pdftc_010k_0029.xml,7.581309936747602
pdftc_010k_0040.xml,7.581309936747602
pdftc_010k_0042.xml,7.581309936747602
pdftc_010k_0051.xml,7.581309936747602
pdftc_010k_0071.xml,7.581309936747602
pdftc_010k_0028.xml,7.582126096714956
pdftc_010k_0034.xml,7.582126096714956
pdftc_010k_0041.xml,7.582126096714956
pdftc_010k_0046.xml,7.582126096714956
pdftc_010k_0032.xml,7.58294225668231
pdftc_010k_0039.xml,7.58294225668231
pdftc_010k_0047.xml,7.58294225668231
pdftc_010k_0177.xml,7.58294225668231
pdftc_010k_0027.xml,7.583758416649664
pdftc_010k_0033.xml,7.583758416649664
pdftc_010k_0037.xml,7.583758416649664
pdftc_010k_0050.xml,7.583758416649664
pdftc_010k_0036.xml,7.585390736584371
pdftc_010k_0043.xml,7.585390736584371
pdftc_010k_0081.xml,7.587839216486431
pdftc_010k_0107.xml,7.588655376453785
pdftc_010k_1157.xml,7.590287696388492
pdftc_010k_0082.xml,7.591103856355846
pdftc_010k_0079.xml,7.59436849622526
pdftc_010k_1196.xml,7.595184656192614
pdftc_010k_0687.xml,7.596816976127321
pdftc_010k_0173.xml,7.597633136094674
pdftc_010k_0143.xml,7.600897775964089
pdftc_010k_0110.xml,7.60579473576821
pdftc_010k_0663.xml,7.606610895735564
pdftc_010k_0087.xml,7.608243215670272
pdftc_010k_0134.xml,7.609875535604979
pdftc_010k_0313.xml,7.610691695572332
pdftc_010k_1165.xml,7.610691695572332
pdftc_010k_0045.xml,7.612324015507039
pdftc_010k_0077.xml,7.6147724954091
pdftc_010k_0095.xml,7.6147724954091
pdftc_010k_1306.xml,7.615588655376453
pdftc_010k_0086.xml,7.616404815343808
pdftc_010k_0089.xml,7.618037135278515
pdftc_010k_0139.xml,7.619669455213222
pdftc_010k_0149.xml,7.619669455213222
pdftc_010k_0325.xml,7.619669455213222
pdftc_010k_1297.xml,7.619669455213222
pdftc_010k_0123.xml,7.620485615180575
pdftc_010k_0327.xml,7.620485615180575
pdftc_010k_0178.xml,7.621301775147929
pdftc_010k_2037.xml,7.622117935115282
pdftc_010k_0310.xml,7.623750255049989
pdftc_010k_0417.xml,7.623750255049989
pdftc_010k_0423.xml,7.624566415017344
pdftc_010k_1904.xml,7.624566415017344
pdftc_010k_0088.xml,7.625382574984697
pdftc_010k_0869.xml,7.625382574984697
pdftc_010k_0030.xml,7.627014894919404
pdftc_010k_0055.xml,7.627014894919404
pdftc_010k_2038.xml,7.628647214854111
pdftc_010k_0730.xml,7.630279534788818
pdftc_010k_0093.xml,7.631095694756172
pdftc_010k_1007.xml,7.634360334625587
pdftc_010k_1030.xml,7.63517649459294
pdftc_010k_1466.xml,7.635992654560294
pdftc_010k_1048.xml,7.636808814527647
pdftc_010k_1498.xml,7.638441134462354
pdftc_010k_1206.xml,7.639257294429708
pdftc_010k_0183.xml,7.644970414201183
pdftc_010k_0085.xml,7.645786574168537
pdftc_010k_0180.xml,7.64660273413589
pdftc_010k_0129.xml,7.647418894103244
pdftc_010k_0181.xml,7.647418894103244
pdftc_010k_0182.xml,7.6482350540705974
pdftc_010k_0083.xml,7.649867374005305
pdftc_010k_1182.xml,7.649867374005305
pdftc_010k_1185.xml,7.650683533972659
pdftc_010k_0176.xml,7.651499693940012
pdftc_010k_0315.xml,7.660477453580902
pdftc_010k_1188.xml,7.663742093450316
pdftc_010k_0044.xml,7.6645582534176695
pdftc_010k_0031.xml,7.665374413385024
pdftc_010k_0135.xml,7.670271373189145
pdftc_010k_0084.xml,7.673536013058559
pdftc_010k_0567.xml,7.680065292797388
pdftc_010k_1178.xml,7.680065292797388
pdftc_010k_1210.xml,7.6825137726994495
pdftc_010k_2018.xml,7.6825137726994495
pdftc_010k_2048.xml,7.683329932666803
pdftc_010k_1193.xml,7.6841460926341565
pdftc_010k_1411.xml,7.6841460926341565
pdftc_010k_1029.xml,7.68496225260151
pdftc_010k_0599.xml,7.6857784125688635
pdftc_010k_0779.xml,7.6857784125688635
pdftc_010k_1208.xml,7.6857784125688635
pdftc_010k_0573.xml,7.686594572536217
pdftc_010k_0989.xml,7.686594572536217
pdftc_010k_1194.xml,7.686594572536217
pdftc_010k_1129.xml,7.6874107325035705
pdftc_010k_1614.xml,7.6874107325035705
pdftc_010k_2015.xml,7.688226892470924
pdftc_010k_1128.xml,7.689043052438278
pdftc_010k_1523.xml,7.689043052438278
pdftc_010k_1829.xml,7.689043052438278
pdftc_010k_1261.xml,7.689859212405631
pdftc_010k_1810.xml,7.689859212405631
pdftc_010k_1987.xml,7.689859212405631
pdftc_010k_0821.xml,7.6906753723729855
pdftc_010k_1409.xml,7.6906753723729855
pdftc_010k_1377.xml,7.6923076923076925
pdftc_010k_0141.xml,7.6988369720465215
pdftc_010k_0306.xml,7.701285451948582
pdftc_010k_0111.xml,7.703733931850643
pdftc_010k_1230.xml,7.703733931850643
pdftc_010k_0778.xml,7.706182411752703
pdftc_010k_1195.xml,7.706182411752703
pdftc_010k_0318.xml,7.707814731687411
pdftc_010k_1211.xml,7.711079371556825
pdftc_010k_1214.xml,7.711079371556825
pdftc_010k_1227.xml,7.711079371556825
pdftc_010k_0338.xml,7.712711691491532
pdftc_010k_1199.xml,7.712711691491532
pdftc_010k_1244.xml,7.712711691491532
pdftc_010k_0351.xml,7.713527851458886
pdftc_010k_0328.xml,7.714344011426239
pdftc_010k_0336.xml,7.714344011426239
pdftc_010k_0352.xml,7.714344011426239
pdftc_010k_0339.xml,7.715160171393594
pdftc_010k_0337.xml,7.715976331360947
pdftc_010k_0355.xml,7.715976331360947
pdftc_010k_0389.xml,7.715976331360947
pdftc_010k_0414.xml,7.715976331360947
pdftc_010k_0308.xml,7.716792491328301
pdftc_010k_0342.xml,7.716792491328301
pdftc_010k_0359.xml,7.716792491328301
pdftc_010k_0384.xml,7.716792491328301
pdftc_010k_1225.xml,7.716792491328301
pdftc_010k_0341.xml,7.717608651295654
pdftc_010k_0366.xml,7.717608651295654
pdftc_010k_1222.xml,7.717608651295654
pdftc_010k_0321.xml,7.718424811263008
pdftc_010k_0358.xml,7.718424811263008
pdftc_010k_0317.xml,7.719240971230361
pdftc_010k_0326.xml,7.719240971230361
pdftc_010k_0312.xml,7.720057131197715
pdftc_010k_0361.xml,7.720057131197715
pdftc_010k_0309.xml,7.720873291165068
pdftc_010k_0319.xml,7.720873291165068
pdftc_010k_1245.xml,7.720873291165068
pdftc_010k_1276.xml,7.720873291165068
pdftc_010k_0311.xml,7.721689451132422
pdftc_010k_1215.xml,7.721689451132422
pdftc_010k_1226.xml,7.721689451132422
pdftc_010k_0276.xml,7.722505611099775
pdftc_010k_0322.xml,7.722505611099775
pdftc_010k_0324.xml,7.72332177106713
pdftc_010k_0334.xml,7.72332177106713
pdftc_010k_1281.xml,7.72332177106713
pdftc_010k_0316.xml,7.724137931034483
pdftc_010k_0320.xml,7.724954091001837
pdftc_010k_0314.xml,7.728218730871251
pdftc_010k_0329.xml,7.729034890838604
pdftc_010k_0367.xml,7.729034890838604
pdftc_010k_0373.xml,7.729034890838604
pdftc_010k_1198.xml,7.729034890838604
pdftc_010k_1285.xml,7.729034890838604
pdftc_010k_0362.xml,7.729851050805958
pdftc_010k_1231.xml,7.729851050805958
pdftc_010k_0357.xml,7.730667210773311
pdftc_010k_1220.xml,7.730667210773311
pdftc_010k_1224.xml,7.730667210773311
pdftc_010k_0347.xml,7.732299530708019
pdftc_010k_0343.xml,7.733931850642726
pdftc_010k_0379.xml,7.733931850642726
pdftc_010k_1287.xml,7.733931850642726
pdftc_010k_0275.xml,7.73474801061008
pdftc_010k_0345.xml,7.73474801061008
pdftc_010k_0349.xml,7.735564170577433
pdftc_010k_0374.xml,7.735564170577433
pdftc_010k_0429.xml,7.735564170577433
pdftc_010k_1236.xml,7.735564170577433
pdftc_010k_0331.xml,7.736380330544787
pdftc_010k_0348.xml,7.736380330544787
pdftc_010k_0380.xml,7.736380330544787
pdftc_010k_1239.xml,7.736380330544787
pdftc_010k_0393.xml,7.73719649051214
pdftc_010k_0395.xml,7.73719649051214
pdftc_010k_0363.xml,7.738012650479494
pdftc_010k_1205.xml,7.738012650479494
pdftc_010k_0371.xml,7.738828810446847
pdftc_010k_0340.xml,7.739644970414201
pdftc_010k_0440.xml,7.739644970414201
pdftc_010k_1278.xml,7.739644970414201
pdftc_010k_0346.xml,7.741277290348909
pdftc_010k_1282.xml,7.742909610283616
pdftc_010k_1288.xml,7.742909610283616
pdftc_010k_0035.xml,7.744541930218323
pdftc_010k_1273.xml,7.744541930218323
pdftc_010k_0397.xml,7.74617425015303
pdftc_010k_0372.xml,7.746990410120383
pdftc_010k_0376.xml,7.746990410120383
pdftc_010k_0438.xml,7.746990410120383
pdftc_010k_0378.xml,7.747806570087737
pdftc_010k_0356.xml,7.749438890022445
pdftc_010k_0385.xml,7.750255049989798
pdftc_010k_0399.xml,7.750255049989798
pdftc_010k_1271.xml,7.750255049989798
pdftc_010k_1969.xml,7.750255049989798
pdftc_010k_0253.xml,7.751071209957152
pdftc_010k_1253.xml,7.751071209957152
pdftc_010k_0370.xml,7.751887369924505
pdftc_010k_0350.xml,7.754335849826566
pdftc_010k_1894.xml,7.754335849826566
pdftc_010k_0330.xml,7.755968169761273
pdftc_010k_1320.xml,7.755968169761273
pdftc_010k_0078.xml,7.756784329728627
pdftc_010k_2065.xml,7.756784329728627
pdftc_010k_0353.xml,7.757600489695981
pdftc_010k_0375.xml,7.757600489695981
pdftc_010k_0335.xml,7.760048969598041
pdftc_010k_0410.xml,7.760865129565395
pdftc_010k_0487.xml,7.760865129565395
pdftc_010k_0369.xml,7.761681289532748
pdftc_010k_0518.xml,7.761681289532748
pdftc_010k_0390.xml,7.762497449500102
pdftc_010k_1189.xml,7.762497449500102
pdftc_010k_2069.xml,7.763313609467455
pdftc_010k_0444.xml,7.764129769434809
pdftc_010k_1811.xml,7.767394409304224
pdftc_010k_0365.xml,7.768210569271577
pdftc_010k_2078.xml,7.769026729238931
pdftc_010k_0323.xml,7.769842889206284
pdftc_010k_0411.xml,7.773923689043053
pdftc_010k_0605.xml,7.773923689043053
pdftc_010k_1248.xml,7.773923689043053
pdftc_010k_0333.xml,7.776372168945113
pdftc_010k_0394.xml,7.77800448887982
pdftc_010k_0601.xml,7.779636808814527
pdftc_010k_0659.xml,7.779636808814527
pdftc_010k_0016.xml,7.780452968781881
pdftc_010k_1259.xml,7.780452968781881
pdftc_010k_0464.xml,7.781269128749235
pdftc_010k_0430.xml,7.782085288716589
pdftc_010k_0646.xml,7.782085288716589
pdftc_010k_0652.xml,7.782085288716589
pdftc_010k_0360.xml,7.782901448683942
pdftc_010k_0381.xml,7.783717608651296
pdftc_010k_0665.xml,7.783717608651296
pdftc_010k_0631.xml,7.785349928586003
pdftc_010k_0419.xml,7.786166088553356
pdftc_010k_0541.xml,7.786166088553356
pdftc_010k_1869.xml,7.786166088553356
pdftc_010k_0456.xml,7.787798408488063
pdftc_010k_1975.xml,7.787798408488063
pdftc_010k_0396.xml,7.788614568455417
pdftc_010k_0587.xml,7.788614568455417
pdftc_010k_0476.xml,7.789430728422771
pdftc_010k_0443.xml,7.790246888390125
pdftc_010k_0479.xml,7.790246888390125
pdftc_010k_0515.xml,7.790246888390125
pdftc_010k_0527.xml,7.790246888390125
pdftc_010k_0537.xml,7.790246888390125
pdftc_010k_0563.xml,7.790246888390125
pdftc_010k_0403.xml,7.791063048357478
pdftc_010k_0409.xml,7.791063048357478
pdftc_010k_0551.xml,7.791063048357478
pdftc_010k_1274.xml,7.791063048357478
pdftc_010k_0405.xml,7.791879208324832
pdftc_010k_0474.xml,7.791879208324832
pdftc_010k_0545.xml,7.791879208324832
pdftc_010k_1069.xml,7.791879208324832
pdftc_010k_0463.xml,7.792695368292185
pdftc_010k_0620.xml,7.792695368292185
pdftc_010k_0480.xml,7.793511528259539
pdftc_010k_0622.xml,7.793511528259539
pdftc_010k_0576.xml,7.794327688226892
pdftc_010k_0641.xml,7.794327688226892
pdftc_010k_0368.xml,7.795143848194246
pdftc_010k_0377.xml,7.795143848194246
pdftc_010k_0496.xml,7.795143848194246
pdftc_010k_0600.xml,7.795143848194246
pdftc_010k_0651.xml,7.795143848194246
pdftc_010k_1365.xml,7.795143848194246
pdftc_010k_0508.xml,7.795960008161599
pdftc_010k_0529.xml,7.795960008161599
pdftc_010k_0542.xml,7.795960008161599
pdftc_010k_1162.xml,7.795960008161599
pdftc_010k_1270.xml,7.795960008161599
pdftc_010k_0386.xml,7.796776168128953
pdftc_010k_0425.xml,7.796776168128953
pdftc_010k_0504.xml,7.796776168128953
pdftc_010k_0584.xml,7.796776168128953
pdftc_010k_1275.xml,7.796776168128953
pdftc_010k_0392.xml,7.797592328096307
pdftc_010k_0432.xml,7.797592328096307
pdftc_010k_0446.xml,7.797592328096307
pdftc_010k_0509.xml,7.797592328096307
pdftc_010k_0546.xml,7.797592328096307
pdftc_010k_0557.xml,7.797592328096307
pdftc_010k_0606.xml,7.797592328096307
pdftc_010k_0681.xml,7.797592328096307
pdftc_010k_0470.xml,7.798408488063661
pdftc_010k_0593.xml,7.798408488063661
pdftc_010k_0383.xml,7.799224648031014
pdftc_010k_0413.xml,7.799224648031014
pdftc_010k_0498.xml,7.799224648031014
pdftc_010k_0531.xml,7.799224648031014
pdftc_010k_0560.xml,7.799224648031014
pdftc_010k_0418.xml,7.800040807998368
pdftc_010k_0577.xml,7.800040807998368
pdftc_010k_0618.xml,7.800040807998368
pdftc_010k_1976.xml,7.800040807998368
pdftc_010k_0586.xml,7.800856967965721
pdftc_010k_0614.xml,7.800856967965721
pdftc_010k_0626.xml,7.800856967965721
pdftc_010k_0683.xml,7.800856967965721
pdftc_010k_0433.xml,7.801673127933075
pdftc_010k_0523.xml,7.801673127933075
pdftc_010k_0533.xml,7.801673127933075
pdftc_010k_0654.xml,7.801673127933075
pdftc_010k_0581.xml,7.802489287900428
pdftc_010k_0603.xml,7.802489287900428
pdftc_010k_0653.xml,7.802489287900428
pdftc_010k_0714.xml,7.802489287900428
pdftc_010k_0720.xml,7.802489287900428
pdftc_010k_1219.xml,7.802489287900428
pdftc_010k_0054.xml,7.803305447867782
pdftc_010k_0585.xml,7.803305447867782
pdftc_010k_0401.xml,7.804121607835135
pdftc_010k_0482.xml,7.804121607835135
pdftc_010k_0629.xml,7.804121607835135
pdftc_010k_0682.xml,7.804121607835135
pdftc_010k_1159.xml,7.804121607835135
pdftc_010k_0492.xml,7.804937767802489
pdftc_010k_0628.xml,7.804937767802489
pdftc_010k_0637.xml,7.804937767802489
pdftc_010k_0648.xml,7.804937767802489
pdftc_010k_0694.xml,7.804937767802489
pdftc_010k_0661.xml,7.8057539277698424
pdftc_010k_0703.xml,7.8057539277698424
pdftc_010k_0741.xml,7.8057539277698424
pdftc_010k_0742.xml,7.8057539277698424
pdftc_010k_0499.xml,7.806570087737197
pdftc_010k_0566.xml,7.806570087737197
pdftc_010k_0607.xml,7.806570087737197
pdftc_010k_0635.xml,7.806570087737197
pdftc_010k_0643.xml,7.806570087737197
pdftc_010k_0725.xml,7.806570087737197
pdftc_010k_0775.xml,7.806570087737197
pdftc_010k_0578.xml,7.80738624770455
pdftc_010k_0666.xml,7.80738624770455
pdftc_010k_0735.xml,7.80738624770455
pdftc_010k_0739.xml,7.80738624770455
pdftc_010k_0543.xml,7.808202407671904
pdftc_010k_0568.xml,7.808202407671904
pdftc_010k_0569.xml,7.808202407671904
pdftc_010k_0731.xml,7.808202407671904
pdftc_010k_0428.xml,7.809018567639257
pdftc_010k_0431.xml,7.809018567639257
pdftc_010k_0697.xml,7.809018567639257
pdftc_010k_0744.xml,7.809018567639257
pdftc_010k_0853.xml,7.809018567639257
pdftc_010k_0449.xml,7.809834727606611
pdftc_010k_0740.xml,7.809834727606611
pdftc_010k_0788.xml,7.809834727606611
pdftc_010k_0455.xml,7.810650887573964
pdftc_010k_0640.xml,7.810650887573964
pdftc_010k_0412.xml,7.811467047541318
pdftc_010k_0833.xml,7.811467047541318
pdftc_010k_0604.xml,7.8122832075086714
pdftc_010k_1234.xml,7.8122832075086714
pdftc_010k_0416.xml,7.813099367476025
pdftc_010k_0570.xml,7.813099367476025
pdftc_010k_0825.xml,7.813099367476025
pdftc_010k_0851.xml,7.813099367476025
pdftc_010k_0935.xml,7.813099367476025
pdftc_010k_0565.xml,7.8139155274433785
pdftc_010k_0445.xml,7.814731687410733
pdftc_010k_0453.xml,7.815547847378086
pdftc_010k_0536.xml,7.815547847378086
pdftc_010k_0642.xml,7.815547847378086
pdftc_010k_0404.xml,7.81636400734544
pdftc_010k_0528.xml,7.81636400734544
pdftc_010k_0667.xml,7.81636400734544
pdftc_010k_0677.xml,7.81636400734544
pdftc_010k_0382.xml,7.817180167312793
pdftc_010k_0926.xml,7.817180167312793
pdftc_010k_0594.xml,7.817996327280147
pdftc_010k_0612.xml,7.817996327280147
pdftc_010k_0494.xml,7.8188124872475
pdftc_010k_0768.xml,7.8188124872475
pdftc_010k_0774.xml,7.8188124872475
pdftc_010k_1166.xml,7.8188124872475
pdftc_010k_0673.xml,7.819628647214854
pdftc_010k_1292.xml,7.819628647214854
pdftc_010k_0457.xml,7.8204448071822075
pdftc_010k_0689.xml,7.8204448071822075
pdftc_010k_0834.xml,7.8204448071822075
pdftc_010k_0398.xml,7.821260967149561
pdftc_010k_0610.xml,7.821260967149561
pdftc_010k_0712.xml,7.821260967149561
pdftc_010k_0715.xml,7.821260967149561
pdftc_010k_0855.xml,7.821260967149561
pdftc_010k_0447.xml,7.8220771271169145
pdftc_010k_0638.xml,7.8220771271169145
pdftc_010k_0660.xml,7.8220771271169145
pdftc_010k_0702.xml,7.8220771271169145
pdftc_010k_0713.xml,7.8220771271169145
pdftc_010k_0424.xml,7.822893287084269
pdftc_010k_0450.xml,7.822893287084269
pdftc_010k_0462.xml,7.822893287084269
pdftc_010k_0669.xml,7.822893287084269
pdftc_010k_0691.xml,7.822893287084269
pdftc_010k_0726.xml,7.822893287084269
pdftc_010k_0776.xml,7.822893287084269
pdftc_010k_1323.xml,7.822893287084269
pdftc_010k_0644.xml,7.823709447051622
pdftc_010k_0727.xml,7.823709447051622
pdftc_010k_0465.xml,7.824525607018976
pdftc_010k_0530.xml,7.824525607018976
pdftc_010k_0564.xml,7.824525607018976
pdftc_010k_0630.xml,7.824525607018976
pdftc_010k_0675.xml,7.824525607018976
pdftc_010k_0693.xml,7.824525607018976
pdftc_010k_0700.xml,7.824525607018976
pdftc_010k_0745.xml,7.824525607018976
pdftc_010k_0501.xml,7.825341766986329
pdftc_010k_0502.xml,7.825341766986329
pdftc_010k_0647.xml,7.825341766986329
pdftc_010k_0688.xml,7.825341766986329
pdftc_010k_0709.xml,7.825341766986329
pdftc_010k_0753.xml,7.825341766986329
pdftc_010k_0804.xml,7.825341766986329
pdftc_010k_0793.xml,7.826157926953683
pdftc_010k_0484.xml,7.8269740869210365
pdftc_010k_0690.xml,7.8269740869210365
pdftc_010k_0695.xml,7.8269740869210365
pdftc_010k_0698.xml,7.8269740869210365
pdftc_010k_0624.xml,7.82779024688839
pdftc_010k_0639.xml,7.82779024688839
pdftc_010k_0674.xml,7.82779024688839
pdftc_010k_0736.xml,7.82779024688839
pdftc_010k_0427.xml,7.8286064068557435
pdftc_010k_0597.xml,7.8286064068557435
pdftc_010k_0621.xml,7.8286064068557435
pdftc_010k_0710.xml,7.8286064068557435
pdftc_010k_0402.xml,7.829422566823097
pdftc_010k_0408.xml,7.829422566823097
pdftc_010k_0495.xml,7.829422566823097
pdftc_010k_0574.xml,7.829422566823097
pdftc_010k_0589.xml,7.829422566823097
pdftc_010k_0759.xml,7.829422566823097
pdftc_010k_0489.xml,7.8302387267904505
pdftc_010k_0708.xml,7.8302387267904505
pdftc_010k_0777.xml,7.8302387267904505
pdftc_010k_1251.xml,7.8302387267904505
pdftc_010k_0627.xml,7.831054886757805
pdftc_010k_0704.xml,7.831054886757805
pdftc_010k_0754.xml,7.831054886757805
pdftc_010k_0807.xml,7.831054886757805
pdftc_010k_0814.xml,7.831054886757805
pdftc_010k_0815.xml,7.831054886757805
pdftc_010k_1977.xml,7.831054886757805
pdftc_010k_0391.xml,7.831871046725158
pdftc_010k_0441.xml,7.831871046725158
pdftc_010k_0472.xml,7.831871046725158
pdftc_010k_0481.xml,7.831871046725158
pdftc_010k_0701.xml,7.831871046725158
pdftc_010k_0808.xml,7.831871046725158
pdftc_010k_0751.xml,7.832687206692512
pdftc_010k_0964.xml,7.832687206692512
pdftc_010k_0406.xml,7.8335033666598655
pdftc_010k_0485.xml,7.8335033666598655
pdftc_010k_0521.xml,7.8335033666598655
pdftc_010k_0734.xml,7.8335033666598655
pdftc_010k_0439.xml,7.834319526627219
pdftc_010k_0468.xml,7.834319526627219
pdftc_010k_0471.xml,7.834319526627219
pdftc_010k_0477.xml,7.834319526627219
pdftc_010k_0503.xml,7.834319526627219
pdftc_010k_0699.xml,7.834319526627219
pdftc_010k_0724.xml,7.834319526627219
pdftc_010k_0764.xml,7.834319526627219
pdftc_010k_0839.xml,7.834319526627219
pdftc_010k_0420.xml,7.8351356865945725
pdftc_010k_0426.xml,7.8351356865945725
pdftc_010k_0478.xml,7.8351356865945725
pdftc_010k_0559.xml,7.8351356865945725
pdftc_010k_0595.xml,7.8351356865945725
pdftc_010k_1254.xml,7.8351356865945725
pdftc_010k_0452.xml,7.835951846561926
pdftc_010k_0513.xml,7.835951846561926
pdftc_010k_0756.xml,7.835951846561926
pdftc_010k_0800.xml,7.835951846561926
pdftc_010k_0856.xml,7.835951846561926
pdftc_010k_0857.xml,7.835951846561926
pdftc_010k_0448.xml,7.8367680065292795
pdftc_010k_0500.xml,7.8367680065292795
pdftc_010k_0755.xml,7.8367680065292795
pdftc_010k_0802.xml,7.8367680065292795
pdftc_010k_0958.xml,7.8367680065292795
pdftc_010k_0475.xml,7.837584166496633
pdftc_010k_0488.xml,7.837584166496633
pdftc_010k_0649.xml,7.837584166496633
pdftc_010k_0772.xml,7.837584166496633
pdftc_010k_0780.xml,7.837584166496633
pdftc_010k_0854.xml,7.837584166496633
pdftc_010k_0407.xml,7.8384003264639865
pdftc_010k_0818.xml,7.8384003264639865
pdftc_010k_0473.xml,7.839216486431341
pdftc_010k_0728.xml,7.839216486431341
pdftc_010k_0794.xml,7.839216486431341
pdftc_010k_1457.xml,7.839216486431341
pdftc_010k_0505.xml,7.8400326463986945
pdftc_010k_0552.xml,7.8400326463986945
pdftc_010k_0680.xml,7.8400326463986945
pdftc_010k_1207.xml,7.8400326463986945
pdftc_010k_0616.xml,7.840848806366048
pdftc_010k_0657.xml,7.840848806366048
pdftc_010k_0790.xml,7.840848806366048
pdftc_010k_0840.xml,7.840848806366048
pdftc_010k_0422.xml,7.8416649663334015
pdftc_010k_0434.xml,7.8416649663334015
pdftc_010k_0451.xml,7.8416649663334015
pdftc_010k_0454.xml,7.8416649663334015
pdftc_010k_0507.xml,7.8416649663334015
pdftc_010k_1217.xml,7.8416649663334015
pdftc_010k_0692.xml,7.842481126300755
pdftc_010k_0969.xml,7.842481126300755
pdftc_010k_0766.xml,7.8432972862681085
pdftc_010k_0532.xml,7.844113446235462
pdftc_010k_0602.xml,7.844113446235462
pdftc_010k_0634.xml,7.844113446235462
pdftc_010k_0668.xml,7.844113446235462
pdftc_010k_0806.xml,7.844113446235462
pdftc_010k_1289.xml,7.844113446235462
pdftc_010k_0506.xml,7.8449296062028155
pdftc_010k_0534.xml,7.8449296062028155
pdftc_010k_0664.xml,7.8449296062028155
pdftc_010k_0696.xml,7.8449296062028155
pdftc_010k_0583.xml,7.845745766170169
pdftc_010k_0836.xml,7.845745766170169
pdftc_010k_0948.xml,7.845745766170169
pdftc_010k_1513.xml,7.846561926137523
pdftc_010k_0553.xml,7.847378086104877
pdftc_010k_0636.xml,7.847378086104877
pdftc_010k_0705.xml,7.847378086104877
pdftc_010k_0483.xml,7.8481942460722305
pdftc_010k_1175.xml,7.8481942460722305
pdftc_010k_1512.xml,7.8481942460722305
pdftc_010k_0491.xml,7.849010406039584
pdftc_010k_0535.xml,7.849010406039584
pdftc_010k_0632.xml,7.849010406039584
pdftc_010k_0658.xml,7.849010406039584
pdftc_010k_0461.xml,7.8498265660069375
pdftc_010k_0707.xml,7.8498265660069375
pdftc_010k_1232.xml,7.8498265660069375
pdftc_010k_0650.xml,7.850642725974291
pdftc_010k_0722.xml,7.850642725974291
pdftc_010k_0748.xml,7.850642725974291
pdftc_010k_0562.xml,7.8514588859416445
pdftc_010k_0785.xml,7.8514588859416445
pdftc_010k_0842.xml,7.8514588859416445
pdftc_010k_0517.xml,7.852275045908998
pdftc_010k_0672.xml,7.852275045908998
pdftc_010k_0763.xml,7.852275045908998
pdftc_010k_1228.xml,7.852275045908998
pdftc_010k_1342.xml,7.852275045908998
pdftc_010k_0497.xml,7.853091205876352
pdftc_010k_0516.xml,7.853091205876352
pdftc_010k_0633.xml,7.853091205876352
pdftc_010k_0799.xml,7.853091205876352
pdftc_010k_0421.xml,7.853907365843705
pdftc_010k_0598.xml,7.853907365843705
pdftc_010k_0511.xml,7.854723525811059
pdftc_010k_0579.xml,7.854723525811059
pdftc_010k_0623.xml,7.854723525811059
pdftc_010k_0670.xml,7.854723525811059
pdftc_010k_0671.xml,7.854723525811059
pdftc_010k_0937.xml,7.854723525811059
pdftc_010k_0684.xml,7.855539685778413
pdftc_010k_0781.xml,7.855539685778413
pdftc_010k_1176.xml,7.855539685778413
pdftc_010k_0685.xml,7.8563558457457665
pdftc_010k_0813.xml,7.8563558457457665
pdftc_010k_0943.xml,7.8563558457457665
pdftc_010k_0590.xml,7.85717200571312
pdftc_010k_0826.xml,7.85717200571312
pdftc_010k_0829.xml,7.85717200571312
pdftc_010k_0927.xml,7.85717200571312
pdftc_010k_0609.xml,7.8579881656804735
pdftc_010k_0810.xml,7.8579881656804735
pdftc_010k_1746.xml,7.8579881656804735
pdftc_010k_0588.xml,7.858804325647827
pdftc_010k_0761.xml,7.858804325647827
pdftc_010k_0949.xml,7.859620485615181
pdftc_010k_0575.xml,7.860436645582534
pdftc_010k_0783.xml,7.860436645582534
pdftc_010k_1473.xml,7.860436645582534
pdftc_010k_1478.xml,7.860436645582534
pdftc_010k_0617.xml,7.861252805549888
pdftc_010k_0466.xml,7.862068965517241
pdftc_010k_0538.xml,7.862068965517241
pdftc_010k_0717.xml,7.862068965517241
pdftc_010k_1327.xml,7.862068965517241
pdftc_010k_1472.xml,7.862068965517241
pdftc_010k_0580.xml,7.863701285451949
pdftc_010k_1470.xml,7.863701285451949
pdftc_010k_1476.xml,7.863701285451949
pdftc_010k_0849.xml,7.8645174454193025
pdftc_010k_0248.xml,7.865333605386656
pdftc_010k_0608.xml,7.865333605386656
pdftc_010k_0467.xml,7.86614976535401
pdftc_010k_0525.xml,7.86614976535401
pdftc_010k_0211.xml,7.866965925321363
pdftc_010k_0285.xml,7.866965925321363
pdftc_010k_1243.xml,7.866965925321363
pdftc_010k_0558.xml,7.867782085288717
pdftc_010k_0591.xml,7.867782085288717
pdftc_010k_0596.xml,7.867782085288717
pdftc_010k_0750.xml,7.867782085288717
pdftc_010k_0493.xml,7.86859824525607
pdftc_010k_0561.xml,7.86859824525607
pdftc_010k_0613.xml,7.86859824525607
pdftc_010k_1229.xml,7.86859824525607
pdftc_010k_1449.xml,7.86859824525607
pdftc_010k_0486.xml,7.869414405223424
pdftc_010k_0767.xml,7.869414405223424
pdftc_010k_0848.xml,7.869414405223424
pdftc_010k_1249.xml,7.869414405223424
pdftc_010k_0246.xml,7.870230565190777
pdftc_010k_0619.xml,7.870230565190777
pdftc_010k_0797.xml,7.870230565190777
pdftc_010k_0843.xml,7.870230565190777
pdftc_010k_0769.xml,7.871046725158131
pdftc_010k_0554.xml,7.871862885125484
pdftc_010k_0882.xml,7.873495205060192
pdftc_010k_1252.xml,7.873495205060192
pdftc_010k_1444.xml,7.873495205060192
pdftc_010k_0080.xml,7.874311365027546
pdftc_010k_0789.xml,7.874311365027546
pdftc_010k_1693.xml,7.874311365027546
pdftc_010k_0733.xml,7.875127524994899
pdftc_010k_0910.xml,7.875127524994899
pdftc_010k_1398.xml,7.875127524994899
pdftc_010k_0907.xml,7.876759844929606
pdftc_010k_0870.xml,7.87757600489696
pdftc_010k_0894.xml,7.87757600489696
pdftc_010k_1258.xml,7.87757600489696
pdftc_010k_0852.xml,7.878392164864313
pdftc_010k_0830.xml,7.879208324831667
pdftc_010k_1240.xml,7.879208324831667
pdftc_010k_1192.xml,7.88002448479902
pdftc_010k_0897.xml,7.880840644766375
pdftc_010k_0520.xml,7.881656804733728
pdftc_010k_0787.xml,7.881656804733728
pdftc_010k_0706.xml,7.882472964701082
pdftc_010k_0816.xml,7.882472964701082
pdftc_010k_0945.xml,7.882472964701082
pdftc_010k_1241.xml,7.883289124668435
pdftc_010k_0746.xml,7.884105284635789
pdftc_010k_0877.xml,7.884105284635789
pdftc_010k_1237.xml,7.884105284635789
pdftc_010k_1238.xml,7.884105284635789
pdftc_010k_0242.xml,7.884921444603142
pdftc_010k_0732.xml,7.884921444603142
pdftc_010k_2008.xml,7.884921444603142
pdftc_010k_0469.xml,7.885737604570496
pdftc_010k_1233.xml,7.885737604570496
pdftc_010k_0749.xml,7.886553764537849
pdftc_010k_0862.xml,7.886553764537849
pdftc_010k_0893.xml,7.886553764537849
pdftc_010k_1235.xml,7.886553764537849
pdftc_010k_0771.xml,7.887369924505203
pdftc_010k_0904.xml,7.887369924505203
pdftc_010k_1266.xml,7.887369924505203
pdftc_010k_0760.xml,7.888186084472556
pdftc_010k_0782.xml,7.888186084472556
pdftc_010k_0846.xml,7.888186084472556
pdftc_010k_0876.xml,7.889002244439911
pdftc_010k_0914.xml,7.889002244439911
pdftc_010k_0930.xml,7.889002244439911
pdftc_010k_0960.xml,7.889002244439911
pdftc_010k_1068.xml,7.889002244439911
pdftc_010k_1201.xml,7.889002244439911
pdftc_010k_1407.xml,7.889002244439911
pdftc_010k_0823.xml,7.889818404407264
pdftc_010k_0912.xml,7.889818404407264
pdftc_010k_0887.xml,7.890634564374618
pdftc_010k_0917.xml,7.890634564374618
pdftc_010k_1066.xml,7.890634564374618
pdftc_010k_1190.xml,7.890634564374618
pdftc_010k_1255.xml,7.890634564374618
pdftc_010k_1272.xml,7.890634564374618
pdftc_010k_0762.xml,7.891450724341971
pdftc_010k_0798.xml,7.891450724341971
pdftc_010k_0817.xml,7.891450724341971
pdftc_010k_1025.xml,7.891450724341971
pdftc_010k_0844.xml,7.892266884309325
pdftc_010k_0858.xml,7.893083044276678
pdftc_010k_0919.xml,7.893083044276678
pdftc_010k_1250.xml,7.893083044276678
pdftc_010k_1262.xml,7.893083044276678
pdftc_010k_0747.xml,7.893899204244032
pdftc_010k_0838.xml,7.893899204244032
pdftc_010k_0867.xml,7.893899204244032
pdftc_010k_0721.xml,7.894715364211385
pdftc_010k_0737.xml,7.894715364211385
pdftc_010k_0947.xml,7.894715364211385
pdftc_010k_0758.xml,7.896347684146092
pdftc_010k_0976.xml,7.896347684146092
pdftc_010k_1125.xml,7.896347684146092
pdftc_010k_1311.xml,7.896347684146092
pdftc_010k_0824.xml,7.897163844113447
pdftc_010k_1302.xml,7.897163844113447
pdftc_010k_1301.xml,7.8979800040808
pdftc_010k_0828.xml,7.899612324015507
pdftc_010k_1485.xml,7.899612324015507
pdftc_010k_0841.xml,7.900428483982861
pdftc_010k_1064.xml,7.900428483982861
pdftc_010k_0743.xml,7.902060803917568
pdftc_010k_1218.xml,7.902060803917568
pdftc_010k_1396.xml,7.902060803917568
pdftc_010k_1423.xml,7.902060803917568
pdftc_010k_1461.xml,7.902060803917568
pdftc_010k_0062.xml,7.902876963884921
pdftc_010k_0765.xml,7.902876963884921
pdftc_010k_0944.xml,7.902876963884921
pdftc_010k_1078.xml,7.902876963884921
pdftc_010k_0738.xml,7.903693123852275
pdftc_010k_0860.xml,7.903693123852275
pdftc_010k_1334.xml,7.903693123852275
pdftc_010k_1265.xml,7.904509283819628
pdftc_010k_1305.xml,7.904509283819628
pdftc_010k_0965.xml,7.905325443786983
pdftc_010k_1260.xml,7.905325443786983
pdftc_010k_1331.xml,7.905325443786983
pdftc_010k_0711.xml,7.906141603754336
pdftc_010k_0784.xml,7.90695776372169
pdftc_010k_1006.xml,7.90695776372169
pdftc_010k_0716.xml,7.907773923689043
pdftc_010k_1062.xml,7.907773923689043
pdftc_010k_1100.xml,7.907773923689043
pdftc_010k_1114.xml,7.907773923689043
pdftc_010k_1212.xml,7.907773923689043
pdftc_010k_1280.xml,7.908590083656397
pdftc_010k_1393.xml,7.908590083656397
pdftc_010k_1458.xml,7.908590083656397
pdftc_010k_1263.xml,7.90940624362375
pdftc_010k_1286.xml,7.90940624362375
pdftc_010k_1155.xml,7.911038563558457
pdftc_010k_0268.xml,7.911854723525811
pdftc_010k_1223.xml,7.911854723525811
pdftc_010k_1279.xml,7.911854723525811
pdftc_010k_1209.xml,7.912670883493164
pdftc_010k_1216.xml,7.912670883493164
pdftc_010k_1098.xml,7.913487043460519
pdftc_010k_0922.xml,7.914303203427872
pdftc_010k_1117.xml,7.915119363395226
pdftc_010k_1283.xml,7.915119363395226
pdftc_010k_1315.xml,7.915119363395226
pdftc_010k_1325.xml,7.915935523362579
pdftc_010k_2023.xml,7.915935523362579
pdftc_010k_1823.xml,7.916751683329933
pdftc_010k_1187.xml,7.917567843297286
pdftc_010k_1221.xml,7.917567843297286
pdftc_010k_1668.xml,7.917567843297286
pdftc_010k_0757.xml,7.91838400326464
pdftc_010k_1004.xml,7.91838400326464
pdftc_010k_1174.xml,7.91838400326464
pdftc_010k_1674.xml,7.919200163231993
pdftc_010k_1454.xml,7.920016323199347
pdftc_010k_1634.xml,7.920016323199347
pdftc_010k_2079.xml,7.920016323199347
pdftc_010k_0865.xml,7.9208324831667
pdftc_010k_0941.xml,7.9208324831667
pdftc_010k_1124.xml,7.9208324831667
pdftc_010k_1348.xml,7.9208324831667
pdftc_010k_1420.xml,7.9208324831667
pdftc_010k_1481.xml,7.9208324831667
pdftc_010k_1074.xml,7.921648643134055
pdftc_010k_1256.xml,7.921648643134055
pdftc_010k_1319.xml,7.921648643134055
pdftc_010k_1385.xml,7.921648643134055
pdftc_010k_1573.xml,7.921648643134055
pdftc_010k_1106.xml,7.922464803101408
pdftc_010k_1346.xml,7.922464803101408
pdftc_010k_1405.xml,7.922464803101408
pdftc_010k_1690.xml,7.922464803101408
pdftc_010k_1009.xml,7.924097123036115
pdftc_010k_1061.xml,7.924097123036115
pdftc_010k_1298.xml,7.924097123036115
pdftc_010k_1360.xml,7.924097123036115
pdftc_010k_1817.xml,7.924097123036115
pdftc_010k_1290.xml,7.924913283003469
pdftc_010k_1509.xml,7.924913283003469
pdftc_010k_1876.xml,7.925729442970822
pdftc_010k_2010.xml,7.925729442970822
pdftc_010k_0923.xml,7.926545602938176
pdftc_010k_0936.xml,7.926545602938176
pdftc_010k_1052.xml,7.926545602938176
pdftc_010k_1294.xml,7.926545602938176
pdftc_010k_1347.xml,7.926545602938176
pdftc_010k_1381.xml,7.926545602938176
pdftc_010k_1661.xml,7.926545602938176
pdftc_010k_0861.xml,7.927361762905529
pdftc_010k_0929.xml,7.927361762905529
pdftc_010k_1596.xml,7.927361762905529
pdftc_010k_1663.xml,7.927361762905529
pdftc_010k_2027.xml,7.927361762905529
pdftc_010k_1295.xml,7.929810242807591
pdftc_010k_1707.xml,7.929810242807591
pdftc_010k_0057.xml,7.933891042644358
pdftc_010k_1115.xml,7.934707202611712
pdftc_010k_1307.xml,7.935523362579065
pdftc_010k_0091.xml,7.936339522546419
pdftc_010k_1148.xml,7.936339522546419
pdftc_010k_0881.xml,7.937155682513772
pdftc_010k_1996.xml,7.937155682513772
pdftc_010k_0879.xml,7.937971842481126
pdftc_010k_1383.xml,7.93878800244848
pdftc_010k_1948.xml,7.940420322383187
pdftc_010k_0061.xml,7.941236482350541
pdftc_010k_1126.xml,7.941236482350541
pdftc_010k_1136.xml,7.941236482350541
pdftc_010k_1313.xml,7.941236482350541
pdftc_010k_1316.xml,7.941236482350541
pdftc_010k_1356.xml,7.941236482350541
pdftc_010k_0269.xml,7.942052642317894
pdftc_010k_1154.xml,7.942052642317894
pdftc_010k_1351.xml,7.942052642317894
pdftc_010k_0952.xml,7.942868802285248
pdftc_010k_1041.xml,7.942868802285248
pdftc_010k_1121.xml,7.942868802285248
pdftc_010k_1341.xml,7.942868802285248
pdftc_010k_1369.xml,7.942868802285248
pdftc_010k_1479.xml,7.942868802285248
pdftc_010k_1734.xml,7.942868802285248
pdftc_010k_1951.xml,7.942868802285248
pdftc_010k_0955.xml,7.943684962252601
pdftc_010k_0987.xml,7.943684962252601
pdftc_010k_0994.xml,7.943684962252601
pdftc_010k_1017.xml,7.943684962252601
pdftc_010k_1149.xml,7.943684962252601
pdftc_010k_1330.xml,7.943684962252601
pdftc_010k_1455.xml,7.943684962252601
pdftc_010k_1469.xml,7.943684962252601
pdftc_010k_1016.xml,7.944501122219955
pdftc_010k_1171.xml,7.944501122219955
pdftc_010k_1510.xml,7.944501122219955
pdftc_010k_0953.xml,7.945317282187308
pdftc_010k_0990.xml,7.945317282187308
pdftc_010k_1018.xml,7.945317282187308
pdftc_010k_1033.xml,7.945317282187308
pdftc_010k_1034.xml,7.945317282187308
pdftc_010k_1113.xml,7.945317282187308
pdftc_010k_1134.xml,7.945317282187308
pdftc_010k_1378.xml,7.945317282187308
pdftc_010k_0979.xml,7.946133442154662
pdftc_010k_1012.xml,7.946133442154662
pdftc_010k_1097.xml,7.946133442154662
pdftc_010k_1200.xml,7.946133442154662
pdftc_010k_1304.xml,7.946133442154662
pdftc_010k_1437.xml,7.946133442154662
pdftc_010k_1484.xml,7.946133442154662
pdftc_010k_1805.xml,7.946133442154662
pdftc_010k_1853.xml,7.946133442154662
pdftc_010k_0812.xml,7.946949602122016
pdftc_010k_1425.xml,7.946949602122016
pdftc_010k_1557.xml,7.946949602122016
pdftc_010k_0490.xml,7.94776576208937
pdftc_010k_1687.xml,7.94776576208937
pdftc_010k_1094.xml,7.948581922056723
pdftc_010k_1137.xml,7.948581922056723
pdftc_010k_1569.xml,7.948581922056723
pdftc_010k_1787.xml,7.948581922056723
pdftc_010k_1802.xml,7.948581922056723
pdftc_010k_1130.xml,7.949398082024077
pdftc_010k_1436.xml,7.949398082024077
pdftc_010k_1549.xml,7.949398082024077
pdftc_010k_1567.xml,7.949398082024077
pdftc_010k_0307.xml,7.95021424199143
pdftc_010k_0519.xml,7.95021424199143
pdftc_010k_0988.xml,7.95021424199143
pdftc_010k_1133.xml,7.95021424199143
pdftc_010k_1375.xml,7.95021424199143
pdftc_010k_1380.xml,7.95021424199143
pdftc_010k_1402.xml,7.95021424199143
pdftc_010k_1403.xml,7.95021424199143
pdftc_010k_1621.xml,7.95021424199143
pdftc_010k_1685.xml,7.95021424199143
pdftc_010k_1742.xml,7.95021424199143
pdftc_010k_1751.xml,7.95021424199143
pdftc_010k_2006.xml,7.95021424199143
pdftc_010k_0811.xml,7.951030401958784
pdftc_010k_1131.xml,7.951030401958784
pdftc_010k_1152.xml,7.951030401958784
pdftc_010k_1184.xml,7.951030401958784
pdftc_010k_1353.xml,7.951030401958784
pdftc_010k_1359.xml,7.951030401958784
pdftc_010k_1390.xml,7.951030401958784
pdftc_010k_1550.xml,7.951030401958784
pdftc_010k_1572.xml,7.951030401958784
pdftc_010k_1635.xml,7.951030401958784
pdftc_010k_1655.xml,7.951030401958784
pdftc_010k_1667.xml,7.951030401958784
pdftc_010k_1748.xml,7.951030401958784
pdftc_010k_0297.xml,7.951846561926137
pdftc_010k_1138.xml,7.951846561926137
pdftc_010k_1156.xml,7.951846561926137
pdftc_010k_1324.xml,7.951846561926137
pdftc_010k_1379.xml,7.951846561926137
pdftc_010k_1401.xml,7.951846561926137
pdftc_010k_1519.xml,7.951846561926137
pdftc_010k_0903.xml,7.952662721893491
pdftc_010k_1163.xml,7.952662721893491
pdftc_010k_1168.xml,7.952662721893491
pdftc_010k_1191.xml,7.952662721893491
pdftc_010k_1291.xml,7.952662721893491
pdftc_010k_1367.xml,7.952662721893491
pdftc_010k_1376.xml,7.952662721893491
pdftc_010k_1415.xml,7.952662721893491
pdftc_010k_1497.xml,7.952662721893491
pdftc_010k_1669.xml,7.952662721893491
pdftc_010k_1757.xml,7.952662721893491
pdftc_010k_1807.xml,7.952662721893491
pdftc_010k_1001.xml,7.953478881860844
pdftc_010k_1019.xml,7.953478881860844
pdftc_010k_1116.xml,7.953478881860844
pdftc_010k_1173.xml,7.953478881860844
pdftc_010k_1203.xml,7.953478881860844
pdftc_010k_1242.xml,7.953478881860844
pdftc_010k_1247.xml,7.953478881860844
pdftc_010k_1314.xml,7.953478881860844
pdftc_010k_1364.xml,7.953478881860844
pdftc_010k_1399.xml,7.953478881860844
pdftc_010k_1427.xml,7.953478881860844
pdftc_010k_1629.xml,7.953478881860844
pdftc_010k_1682.xml,7.953478881860844
pdftc_010k_0144.xml,7.954295041828198
pdftc_010k_0895.xml,7.954295041828198
pdftc_010k_0920.xml,7.954295041828198
pdftc_010k_0939.xml,7.954295041828198
pdftc_010k_0971.xml,7.954295041828198
pdftc_010k_1111.xml,7.954295041828198
pdftc_010k_1118.xml,7.954295041828198
pdftc_010k_1151.xml,7.954295041828198
pdftc_010k_1160.xml,7.954295041828198
pdftc_010k_1268.xml,7.954295041828198
pdftc_010k_1277.xml,7.954295041828198
pdftc_010k_1386.xml,7.954295041828198
pdftc_010k_1471.xml,7.954295041828198
pdftc_010k_1488.xml,7.954295041828198
pdftc_010k_1611.xml,7.954295041828198
pdftc_010k_1764.xml,7.954295041828198
pdftc_010k_1818.xml,7.954295041828198
pdftc_010k_0954.xml,7.955111201795552
pdftc_010k_0967.xml,7.955111201795552
pdftc_010k_1003.xml,7.955111201795552
pdftc_010k_1076.xml,7.955111201795552
pdftc_010k_1153.xml,7.955111201795552
pdftc_010k_1335.xml,7.955111201795552
pdftc_010k_1371.xml,7.955111201795552
pdftc_010k_1494.xml,7.955111201795552
pdftc_010k_1755.xml,7.955111201795552
pdftc_010k_1758.xml,7.955111201795552
pdftc_010k_1771.xml,7.955111201795552
pdftc_010k_0827.xml,7.955927361762906
pdftc_010k_0983.xml,7.955927361762906
pdftc_010k_0986.xml,7.955927361762906
pdftc_010k_1044.xml,7.955927361762906
pdftc_010k_1140.xml,7.955927361762906
pdftc_010k_1317.xml,7.955927361762906
pdftc_010k_1321.xml,7.955927361762906
pdftc_010k_1366.xml,7.955927361762906
pdftc_010k_1395.xml,7.955927361762906
pdftc_010k_1605.xml,7.955927361762906
pdftc_010k_1002.xml,7.956743521730259
pdftc_010k_1141.xml,7.956743521730259
pdftc_010k_1284.xml,7.956743521730259
pdftc_010k_1296.xml,7.956743521730259
pdftc_010k_1345.xml,7.956743521730259
pdftc_010k_1408.xml,7.956743521730259
pdftc_010k_1417.xml,7.956743521730259
pdftc_010k_1560.xml,7.956743521730259
pdftc_010k_1575.xml,7.956743521730259
pdftc_010k_1745.xml,7.956743521730259
pdftc_010k_1814.xml,7.956743521730259
pdftc_010k_1875.xml,7.956743521730259
pdftc_010k_1410.xml,7.957559681697613
pdftc_010k_1499.xml,7.957559681697613
pdftc_010k_1559.xml,7.957559681697613
pdftc_010k_1658.xml,7.957559681697613
pdftc_010k_1698.xml,7.957559681697613
pdftc_010k_1763.xml,7.957559681697613
pdftc_010k_1806.xml,7.957559681697613
pdftc_010k_1882.xml,7.957559681697613
pdftc_010k_1921.xml,7.957559681697613
pdftc_010k_1938.xml,7.957559681697613
pdftc_010k_0880.xml,7.958375841664966
pdftc_010k_0975.xml,7.958375841664966
pdftc_010k_0991.xml,7.958375841664966
pdftc_010k_1075.xml,7.958375841664966
pdftc_010k_1092.xml,7.958375841664966
pdftc_010k_1300.xml,7.958375841664966
pdftc_010k_1336.xml,7.958375841664966
pdftc_010k_1340.xml,7.958375841664966
pdftc_010k_1343.xml,7.958375841664966
pdftc_010k_1387.xml,7.958375841664966
pdftc_010k_1418.xml,7.958375841664966
pdftc_010k_1475.xml,7.958375841664966
pdftc_010k_1487.xml,7.958375841664966
pdftc_010k_1489.xml,7.958375841664966
pdftc_010k_1503.xml,7.958375841664966
pdftc_010k_1514.xml,7.958375841664966
pdftc_010k_1537.xml,7.958375841664966
pdftc_010k_1540.xml,7.958375841664966
pdftc_010k_1607.xml,7.958375841664966
pdftc_010k_1660.xml,7.958375841664966
pdftc_010k_1681.xml,7.958375841664966
pdftc_010k_1914.xml,7.958375841664966
pdftc_010k_2025.xml,7.958375841664966
pdftc_010k_2049.xml,7.958375841664966
pdftc_010k_1467.xml,7.95919200163232
pdftc_010k_1576.xml,7.95919200163232
pdftc_010k_1599.xml,7.95919200163232
pdftc_010k_1602.xml,7.95919200163232
pdftc_010k_1659.xml,7.95919200163232
pdftc_010k_1671.xml,7.95919200163232
pdftc_010k_1697.xml,7.95919200163232
pdftc_010k_2072.xml,7.95919200163232
pdftc_010k_1568.xml,7.960008161599673
pdftc_010k_1712.xml,7.960008161599673
pdftc_010k_1991.xml,7.960008161599673
pdftc_010k_0872.xml,7.960824321567027
pdftc_010k_1022.xml,7.960824321567027
pdftc_010k_1456.xml,7.960824321567027
pdftc_010k_1459.xml,7.960824321567027
pdftc_010k_1570.xml,7.960824321567027
pdftc_010k_1739.xml,7.960824321567027
pdftc_010k_1784.xml,7.960824321567027
pdftc_010k_1803.xml,7.960824321567027
pdftc_010k_1824.xml,7.960824321567027
pdftc_010k_1989.xml,7.960824321567027
pdftc_010k_0582.xml,7.96164048153438
pdftc_010k_0928.xml,7.96164048153438
pdftc_010k_1299.xml,7.96164048153438
pdftc_010k_1303.xml,7.96164048153438
pdftc_010k_1333.xml,7.96164048153438
pdftc_010k_1474.xml,7.96164048153438
pdftc_010k_1493.xml,7.96164048153438
pdftc_010k_1662.xml,7.96164048153438
pdftc_010k_1775.xml,7.96164048153438
pdftc_010k_1782.xml,7.96164048153438
pdftc_010k_0902.xml,7.962456641501734
pdftc_010k_1050.xml,7.962456641501734
pdftc_010k_1095.xml,7.962456641501734
pdftc_010k_1754.xml,7.962456641501734
pdftc_010k_1791.xml,7.962456641501734
pdftc_010k_1860.xml,7.962456641501734
pdftc_010k_1898.xml,7.962456641501734
pdftc_010k_1980.xml,7.962456641501734
pdftc_010k_2003.xml,7.962456641501734
pdftc_010k_2012.xml,7.962456641501734
pdftc_010k_2036.xml,7.962456641501734
pdftc_010k_0524.xml,7.963272801469088
pdftc_010k_0892.xml,7.963272801469088
pdftc_010k_0918.xml,7.963272801469088
pdftc_010k_0980.xml,7.963272801469088
pdftc_010k_1084.xml,7.963272801469088
pdftc_010k_1332.xml,7.963272801469088
pdftc_010k_1511.xml,7.963272801469088
pdftc_010k_1558.xml,7.963272801469088
pdftc_010k_1622.xml,7.963272801469088
pdftc_010k_1665.xml,7.963272801469088
pdftc_010k_1815.xml,7.963272801469088
pdftc_010k_1836.xml,7.963272801469088
pdftc_010k_1864.xml,7.963272801469088
pdftc_010k_2089.xml,7.963272801469088
pdftc_010k_0875.xml,7.964088961436442
pdftc_010k_1269.xml,7.964088961436442
pdftc_010k_1355.xml,7.964088961436442
pdftc_010k_1357.xml,7.964088961436442
pdftc_010k_1577.xml,7.964088961436442
pdftc_010k_1615.xml,7.964088961436442
pdftc_010k_1749.xml,7.964088961436442
pdftc_010k_1845.xml,7.964088961436442
pdftc_010k_2031.xml,7.964088961436442
pdftc_010k_2071.xml,7.964088961436442
pdftc_010k_2081.xml,7.964088961436442
pdftc_010k_0292.xml,7.964905121403795
pdftc_010k_0845.xml,7.964905121403795
pdftc_010k_0868.xml,7.964905121403795
pdftc_010k_0898.xml,7.964905121403795
pdftc_010k_0925.xml,7.964905121403795
pdftc_010k_1014.xml,7.964905121403795
pdftc_010k_1039.xml,7.964905121403795
pdftc_010k_1057.xml,7.964905121403795
pdftc_010k_1063.xml,7.964905121403795
pdftc_010k_1713.xml,7.964905121403795
pdftc_010k_1724.xml,7.964905121403795
pdftc_010k_1827.xml,7.964905121403795
pdftc_010k_1851.xml,7.964905121403795
pdftc_010k_2022.xml,7.964905121403795
pdftc_010k_2076.xml,7.964905121403795
pdftc_010k_0130.xml,7.965721281371149
pdftc_010k_0884.xml,7.965721281371149
pdftc_010k_0932.xml,7.965721281371149
pdftc_010k_0959.xml,7.965721281371149
pdftc_010k_1005.xml,7.965721281371149
pdftc_010k_1015.xml,7.965721281371149
pdftc_010k_1464.xml,7.965721281371149
pdftc_010k_1468.xml,7.965721281371149
pdftc_010k_1800.xml,7.965721281371149
pdftc_010k_1958.xml,7.965721281371149
pdftc_010k_2086.xml,7.965721281371149
pdftc_010k_0886.xml,7.966537441338502
pdftc_010k_0905.xml,7.966537441338502
pdftc_010k_0921.xml,7.966537441338502
pdftc_010k_0933.xml,7.966537441338502
pdftc_010k_0963.xml,7.966537441338502
pdftc_010k_0972.xml,7.966537441338502
pdftc_010k_1058.xml,7.966537441338502
pdftc_010k_1065.xml,7.966537441338502
pdftc_010k_1067.xml,7.966537441338502
pdftc_010k_1177.xml,7.966537441338502
pdftc_010k_1310.xml,7.966537441338502
pdftc_010k_1318.xml,7.966537441338502
pdftc_010k_1729.xml,7.966537441338502
pdftc_010k_2064.xml,7.966537441338502
pdftc_010k_0796.xml,7.967353601305856
pdftc_010k_0901.xml,7.967353601305856
pdftc_010k_0924.xml,7.967353601305856
pdftc_010k_0938.xml,7.967353601305856
pdftc_010k_0942.xml,7.967353601305856
pdftc_010k_0992.xml,7.967353601305856
pdftc_010k_1026.xml,7.967353601305856
pdftc_010k_1040.xml,7.967353601305856
pdftc_010k_1053.xml,7.967353601305856
pdftc_010k_1104.xml,7.967353601305856
pdftc_010k_1107.xml,7.967353601305856
pdftc_010k_1852.xml,7.967353601305856
pdftc_010k_1855.xml,7.967353601305856
pdftc_010k_1889.xml,7.967353601305856
pdftc_010k_0940.xml,7.968169761273209
pdftc_010k_0985.xml,7.968169761273209
pdftc_010k_1000.xml,7.968169761273209
pdftc_010k_1056.xml,7.968169761273209
pdftc_010k_1070.xml,7.968169761273209
pdftc_010k_0970.xml,7.968985921240563
pdftc_010k_0973.xml,7.968985921240563
pdftc_010k_1035.xml,7.968985921240563
pdftc_010k_1046.xml,7.968985921240563
pdftc_010k_1079.xml,7.9698020812079164
pdftc_010k_1120.xml,7.9698020812079164
pdftc_010k_1759.xml,7.9698020812079164
pdftc_010k_0998.xml,7.97061824117527
pdftc_010k_1049.xml,7.97061824117527
pdftc_010k_1337.xml,7.97061824117527
pdftc_010k_1839.xml,7.97061824117527
pdftc_010k_2084.xml,7.97061824117527
pdftc_010k_1145.xml,7.972250561109978
pdftc_010k_1354.xml,7.972250561109978
pdftc_010k_1374.xml,7.972250561109978
pdftc_010k_1400.xml,7.972250561109978
pdftc_010k_1877.xml,7.972250561109978
pdftc_010k_1036.xml,7.973066721077331
pdftc_010k_1370.xml,7.973066721077331
pdftc_010k_0676.xml,7.973882881044685
pdftc_010k_1363.xml,7.973882881044685
pdftc_010k_1431.xml,7.973882881044685
pdftc_010k_1350.xml,7.974699041012038
pdftc_010k_1406.xml,7.974699041012038
pdftc_010k_1328.xml,7.975515200979392
pdftc_010k_1373.xml,7.975515200979392
pdftc_010k_1397.xml,7.975515200979392
pdftc_010k_0458.xml,7.976331360946745
pdftc_010k_1352.xml,7.976331360946745
pdftc_010k_1101.xml,7.977147520914099
pdftc_010k_1438.xml,7.977147520914099
pdftc_010k_1338.xml,7.9779636808814525
pdftc_010k_1694.xml,7.978779840848806
pdftc_010k_0662.xml,7.97959600081616
pdftc_010k_1744.xml,7.980412160783514
pdftc_010k_1962.xml,7.980412160783514
pdftc_010k_1434.xml,7.981228320750867
pdftc_010k_1871.xml,7.981228320750867
pdftc_010k_1446.xml,7.982044480718221
pdftc_010k_1610.xml,7.982044480718221
pdftc_010k_1838.xml,7.982044480718221
pdftc_010k_1482.xml,7.982860640685574
pdftc_010k_1309.xml,7.9844929606202815
pdftc_010k_1421.xml,7.9844929606202815
pdftc_010k_1501.xml,7.9844929606202815
pdftc_010k_1349.xml,7.9861252805549885
pdftc_010k_1460.xml,7.9861252805549885
pdftc_010k_1643.xml,7.9861252805549885
pdftc_010k_1448.xml,7.986941440522342
pdftc_010k_1547.xml,7.987757600489696
pdftc_010k_1257.xml,7.98857376045705
pdftc_010k_1293.xml,7.98857376045705
pdftc_010k_0786.xml,7.990206080391757
pdftc_010k_0686.xml,7.9926545602938175
pdftc_010k_1308.xml,7.993470720261171
pdftc_010k_0822.xml,7.9942868802285245
pdftc_010k_1515.xml,7.996735360130586
pdftc_010k_1783.xml,7.9975515200979395
pdftc_010k_1329.xml,7.998367680065293
pdftc_010k_0997.xml,8.008161599673535
pdftc_010k_1701.xml,8.008161599673535
pdftc_010k_0837.xml,8.009793919608244
pdftc_010k_1326.xml,8.009793919608244
pdftc_010k_0294.xml,8.010610079575597
pdftc_010k_0512.xml,8.015507039379719
pdftc_010k_0510.xml,8.016323199347072
pdftc_010k_0514.xml,8.016323199347072
pdftc_010k_0931.xml,8.022036319118547
pdftc_010k_0863.xml,8.030197918792084
pdftc_010k_1796.xml,8.031014078759437
pdftc_010k_0831.xml,8.032646398694144
pdftc_010k_1654.xml,8.035094878596205
pdftc_010k_0832.xml,8.035911038563558
pdftc_010k_0871.xml,8.037543358498265
pdftc_010k_0909.xml,8.037543358498265
pdftc_010k_0147.xml,8.038359518465619
pdftc_010k_0890.xml,8.04080799836768
pdftc_010k_0993.xml,8.041624158335035
pdftc_010k_1038.xml,8.042440318302388
pdftc_010k_1361.xml,8.04733727810651
pdftc_010k_0364.xml,8.051418077943277
pdftc_010k_0795.xml,8.051418077943277
pdftc_010k_0946.xml,8.05468271781269
pdftc_010k_0289.xml,8.06121199755152
pdftc_010k_0801.xml,8.062028157518874
pdftc_010k_0288.xml,8.066108957355642
pdftc_010k_0773.xml,8.067741277290349
pdftc_010k_2082.xml,8.068557437257702
pdftc_010k_0891.xml,8.07671903693124
pdftc_010k_0859.xml,8.082432156702714
pdftc_010k_0874.xml,8.08406447663742
pdftc_010k_0966.xml,8.087329116506835
pdftc_010k_0286.xml,8.093858396245665
pdftc_010k_1054.xml,8.093858396245665
pdftc_010k_1103.xml,8.098755356049786
pdftc_010k_0911.xml,8.09957151601714
pdftc_010k_0278.xml,8.112630075494797
pdftc_010k_1897.xml,8.117527035298918
pdftc_010k_0283.xml,8.127320954907162
pdftc_010k_0293.xml,8.12895327484187
pdftc_010k_1995.xml,8.12895327484187
pdftc_010k_1372.xml,8.13385023464599
pdftc_010k_1391.xml,8.13385023464599
pdftc_010k_1422.xml,8.134666394613344
pdftc_010k_1202.xml,8.135482554580697
pdftc_010k_1419.xml,8.135482554580697
pdftc_010k_1441.xml,8.137114874515404
pdftc_010k_0069.xml,8.137931034482758
pdftc_010k_0067.xml,8.138747194450112
pdftc_010k_0072.xml,8.138747194450112
pdftc_010k_1465.xml,8.138747194450112
pdftc_010k_1581.xml,8.138747194450112
pdftc_010k_0066.xml,8.139563354417465
pdftc_010k_0068.xml,8.139563354417465
pdftc_010k_0073.xml,8.139563354417465
pdftc_010k_0065.xml,8.140379514384819
pdftc_010k_0074.xml,8.140379514384819
pdftc_010k_0070.xml,8.141195674352174
pdftc_010k_1043.xml,8.142011834319527
pdftc_010k_1392.xml,8.14282799428688
pdftc_010k_0064.xml,8.143644154254234
pdftc_010k_1753.xml,8.144460314221588
pdftc_010k_0260.xml,8.149357274025709
pdftc_010k_1368.xml,8.150989593960416
pdftc_010k_1322.xml,8.152621913895123
pdftc_010k_1826.xml,8.155070393797184
pdftc_010k_1971.xml,8.159967353601306
pdftc_010k_1013.xml,8.16078351356866
pdftc_010k_0295.xml,8.161599673536013
pdftc_010k_1789.xml,8.182819832687207
pdftc_010k_1424.xml,8.18608447255662
pdftc_010k_1539.xml,8.186900632523974
pdftc_010k_1525.xml,8.187716792491328
pdftc_010k_1527.xml,8.188532952458681
pdftc_010k_0718.xml,8.19016527239339
pdftc_010k_0354.xml,8.193429912262804
pdftc_010k_1524.xml,8.193429912262804
pdftc_010k_1535.xml,8.193429912262804
pdftc_010k_1536.xml,8.193429912262804
pdftc_010k_1899.xml,8.194246072230158
pdftc_010k_1526.xml,8.195062232197511
pdftc_010k_1530.xml,8.195062232197511
pdftc_010k_1531.xml,8.195062232197511
pdftc_010k_1534.xml,8.195878392164865
pdftc_010k_1538.xml,8.195878392164865
pdftc_010k_1762.xml,8.195878392164865
pdftc_010k_1500.xml,8.198326872066925
pdftc_010k_0388.xml,8.199143032034279
pdftc_010k_1833.xml,8.199143032034279
pdftc_010k_0387.xml,8.199959192001632
pdftc_010k_1496.xml,8.199959192001632
pdftc_010k_1502.xml,8.200775351968986
pdftc_010k_1495.xml,8.202407671903693
pdftc_010k_1964.xml,8.202407671903693
pdftc_010k_1505.xml,8.207304631707816
pdftc_010k_1504.xml,8.208120791675169
pdftc_010k_1828.xml,8.209753111609876
pdftc_010k_0076.xml,8.212201591511937
pdftc_010k_2077.xml,8.214650071413997
pdftc_010k_1779.xml,8.219547031218118
pdftc_010k_0332.xml,8.236686390532544
pdftc_010k_1617.xml,8.256274229749032
pdftc_010k_1982.xml,8.259538869618446
pdftc_010k_1988.xml,8.259538869618446
pdftc_010k_1863.xml,8.26280350948786
pdftc_010k_0235.xml,8.26525198938992
pdftc_010k_0236.xml,8.266068149357274
pdftc_010k_0094.xml,8.273413589063457
pdftc_010k_1822.xml,8.286472148541113
pdftc_010k_2042.xml,8.297898388084064
pdftc_010k_2045.xml,8.297898388084064
pdftc_010k_1384.xml,8.347684146092634
pdftc_010k_1388.xml,8.348500306059988
pdftc_010k_0159.xml,8.361558865537646
pdftc_010k_2051.xml,8.361558865537646
pdftc_010k_0152.xml,8.37380126504795
pdftc_010k_0151.xml,8.374617425015304
pdftc_010k_1072.xml,8.374617425015304
pdftc_010k_0229.xml,8.381146704754132
pdftc_010k_1453.xml,8.416241583350336
pdftc_010k_0142.xml,8.418690063252397
pdftc_010k_0138.xml,8.41950622321975
pdftc_010k_1119.xml,8.430932462762701
pdftc_010k_0101.xml,8.431748622730055
pdftc_010k_0099.xml,8.433380942664762
pdftc_010k_1887.xml,8.433380942664762
pdftc_010k_0100.xml,8.459498061620078
pdftc_010k_0117.xml,8.46684350132626
pdftc_010k_0118.xml,8.470924301163027
pdftc_010k_0104.xml,8.47337278106509
pdftc_010k_1960.xml,8.492144460314222
pdftc_010k_1679.xml,8.501938379922464
pdftc_010k_1692.xml,8.502754539889818
pdftc_010k_1711.xml,8.503570699857171
pdftc_010k_1718.xml,8.50520301979188
pdftc_010k_1733.xml,8.50765149969394
pdftc_010k_1774.xml,8.50765149969394
pdftc_010k_1780.xml,8.508467659661294
pdftc_010k_1832.xml,8.510099979596001
pdftc_010k_1750.xml,8.510916139563355
pdftc_010k_1736.xml,8.513364619465415
pdftc_010k_1717.xml,8.514180779432769
pdftc_010k_1776.xml,8.514180779432769
pdftc_010k_1672.xml,8.514996939400122
pdftc_010k_1722.xml,8.514996939400122
pdftc_010k_1896.xml,8.515813099367476
pdftc_010k_1798.xml,8.517445419302183
pdftc_010k_1725.xml,8.518261579269536
pdftc_010k_1716.xml,8.51907773923689
pdftc_010k_1695.xml,8.521526219138952
pdftc_010k_1794.xml,8.524790859008366
pdftc_010k_1778.xml,8.52805549887778
pdftc_010k_1462.xml,8.529687818812487
pdftc_010k_0908.xml,8.533768618649255
pdftc_010k_0251.xml,8.54845949806162
pdftc_010k_1439.xml,8.551724137931034
pdftc_010k_1430.xml,8.554172617833096
pdftc_010k_1432.xml,8.555804937767803
pdftc_010k_1546.xml,8.555804937767803
pdftc_010k_1428.xml,8.556621097735157
pdftc_010k_1433.xml,8.556621097735157
pdftc_010k_1440.xml,8.556621097735157
pdftc_010k_1426.xml,8.55743725770251
pdftc_010k_1548.xml,8.558253417669864
pdftc_010k_1429.xml,8.559069577637217
pdftc_010k_1435.xml,8.564782697408692
pdftc_010k_1593.xml,8.57539277698429
pdftc_010k_1598.xml,8.57539277698429
pdftc_010k_1520.xml,8.596612936135482
pdftc_010k_1522.xml,8.597429096102836
pdftc_010k_1529.xml,8.597429096102836
pdftc_010k_1517.xml,8.599877576004896
pdftc_010k_1516.xml,8.60069373597225
pdftc_010k_1521.xml,8.60069373597225
pdftc_010k_0264.xml,8.601509895939603
pdftc_010k_1532.xml,8.602326055906957
pdftc_010k_1528.xml,8.60314221587431
pdftc_010k_1506.xml,8.605590695776373
pdftc_010k_1483.xml,8.622730055090798
pdftc_010k_1490.xml,8.623546215058152
pdftc_010k_1463.xml,8.625178534992859
pdftc_010k_1477.xml,8.625178534992859
pdftc_010k_1544.xml,8.62762701489492
pdftc_010k_1508.xml,8.628443174862273
pdftc_010k_1542.xml,8.628443174862273
pdftc_010k_1543.xml,8.628443174862273
pdftc_010k_1492.xml,8.630891654764334
pdftc_010k_1518.xml,8.630891654764334
pdftc_010k_1507.xml,8.634156294633748
pdftc_010k_1545.xml,8.634156294633748
pdftc_010k_1586.xml,8.634156294633748
pdftc_010k_1486.xml,8.640685574372577
pdftc_010k_1561.xml,8.640685574372577
pdftc_010k_1582.xml,8.643134054274638
pdftc_010k_1830.xml,8.643134054274638
pdftc_010k_1452.xml,8.643950214241992
pdftc_010k_1735.xml,8.643950214241992
pdftc_010k_1451.xml,8.645582534176699
pdftc_010k_1619.xml,8.645582534176699
pdftc_010k_1450.xml,8.646398694144052
pdftc_010k_1708.xml,8.646398694144052
pdftc_010k_1785.xml,8.647214854111406
pdftc_010k_1788.xml,8.648031014078759
pdftc_010k_1447.xml,8.648847174046113
pdftc_010k_1809.xml,8.649663334013466
pdftc_010k_1553.xml,8.672515813099368
pdftc_010k_1562.xml,8.672515813099368
pdftc_010k_0459.xml,8.673331973066722
pdftc_010k_1541.xml,8.674148133034075
pdftc_010k_1552.xml,8.675780452968782
pdftc_010k_1594.xml,8.67741277290349
pdftc_010k_0539.xml,8.678228932870843
pdftc_010k_1571.xml,8.678228932870843
pdftc_010k_1585.xml,8.678228932870843
pdftc_010k_1588.xml,8.678228932870843
pdftc_010k_1590.xml,8.680677412772903
pdftc_010k_1613.xml,8.680677412772903
pdftc_010k_1566.xml,8.681493572740257
pdftc_010k_1579.xml,8.681493572740257
pdftc_010k_1633.xml,8.681493572740257
pdftc_010k_0550.xml,8.68230973270761
pdftc_010k_1565.xml,8.68230973270761
pdftc_010k_1603.xml,8.68230973270761
pdftc_010k_1620.xml,8.68230973270761
pdftc_010k_1584.xml,8.683125892674964
pdftc_010k_1592.xml,8.683125892674964
pdftc_010k_1609.xml,8.683125892674964
pdftc_010k_1625.xml,8.683125892674964
pdftc_010k_1680.xml,8.683942052642317
pdftc_010k_1583.xml,8.68475821260967
pdftc_010k_1587.xml,8.68475821260967
pdftc_010k_1601.xml,8.68475821260967
pdftc_010k_1649.xml,8.68475821260967
pdftc_010k_1616.xml,8.685574372577024
pdftc_010k_1623.xml,8.685574372577024
pdftc_010k_1644.xml,8.685574372577024
pdftc_010k_1574.xml,8.688022852479087
pdftc_010k_1652.xml,8.688022852479087
pdftc_010k_1578.xml,8.68883901244644
pdftc_010k_1624.xml,8.68883901244644
pdftc_010k_1631.xml,8.68883901244644
pdftc_010k_1564.xml,8.689655172413794
pdftc_010k_1604.xml,8.689655172413794
pdftc_010k_1752.xml,8.689655172413794
pdftc_010k_1772.xml,8.689655172413794
pdftc_010k_1639.xml,8.690471332381147
pdftc_010k_1645.xml,8.690471332381147
pdftc_010k_1653.xml,8.690471332381147
pdftc_010k_1700.xml,8.690471332381147
pdftc_010k_1766.xml,8.690471332381147
pdftc_010k_1628.xml,8.6912874923485
pdftc_010k_1640.xml,8.6912874923485
pdftc_010k_1600.xml,8.692103652315854
pdftc_010k_1647.xml,8.692103652315854
pdftc_010k_1664.xml,8.692103652315854
pdftc_010k_1595.xml,8.692919812283208
pdftc_010k_1606.xml,8.692919812283208
pdftc_010k_1636.xml,8.692919812283208
pdftc_010k_1637.xml,8.692919812283208
pdftc_010k_1676.xml,8.692919812283208
pdftc_010k_1702.xml,8.692919812283208
pdftc_010k_1612.xml,8.693735972250561
pdftc_010k_1618.xml,8.693735972250561
pdftc_010k_1630.xml,8.693735972250561
pdftc_010k_1641.xml,8.693735972250561
pdftc_010k_1678.xml,8.693735972250561
pdftc_010k_1706.xml,8.693735972250561
pdftc_010k_1726.xml,8.693735972250561
pdftc_010k_1691.xml,8.694552132217915
pdftc_010k_1738.xml,8.694552132217915
pdftc_010k_1777.xml,8.694552132217915
pdftc_010k_1608.xml,8.695368292185268
pdftc_010k_1642.xml,8.695368292185268
pdftc_010k_1656.xml,8.695368292185268
pdftc_010k_1790.xml,8.695368292185268
pdftc_010k_1885.xml,8.695368292185268
pdftc_010k_1793.xml,8.696184452152622
pdftc_010k_1589.xml,8.697000612119975
pdftc_010k_1657.xml,8.697000612119975
pdftc_010k_1670.xml,8.697000612119975
pdftc_010k_1675.xml,8.697000612119975
pdftc_010k_1677.xml,8.697000612119975
pdftc_010k_1730.xml,8.697000612119975
pdftc_010k_1795.xml,8.697000612119975
pdftc_010k_1816.xml,8.697000612119975
pdftc_010k_1627.xml,8.697816772087329
pdftc_010k_1632.xml,8.697816772087329
pdftc_010k_1648.xml,8.697816772087329
pdftc_010k_1650.xml,8.697816772087329
pdftc_010k_1673.xml,8.697816772087329
pdftc_010k_1688.xml,8.697816772087329
pdftc_010k_1699.xml,8.697816772087329
pdftc_010k_1704.xml,8.697816772087329
pdftc_010k_1770.xml,8.697816772087329
pdftc_010k_1831.xml,8.697816772087329
pdftc_010k_1626.xml,8.698632932054682
pdftc_010k_1651.xml,8.698632932054682
pdftc_010k_1666.xml,8.698632932054682
pdftc_010k_1710.xml,8.698632932054682
pdftc_010k_1720.xml,8.698632932054682
pdftc_010k_1591.xml,8.699449092022036
pdftc_010k_1714.xml,8.699449092022036
pdftc_010k_1769.xml,8.699449092022036
pdftc_010k_1801.xml,8.699449092022036
pdftc_010k_1689.xml,8.70026525198939
pdftc_010k_1703.xml,8.70026525198939
pdftc_010k_1781.xml,8.70026525198939
pdftc_010k_1834.xml,8.70026525198939
pdftc_010k_1696.xml,8.701081411956743
pdftc_010k_1740.xml,8.701081411956743
pdftc_010k_1684.xml,8.701897571924096
pdftc_010k_1721.xml,8.701897571924096
pdftc_010k_1731.xml,8.701897571924096
pdftc_010k_1792.xml,8.701897571924096
pdftc_010k_1646.xml,8.702713731891452
pdftc_010k_1900.xml,8.702713731891452
pdftc_010k_1705.xml,8.703529891858805
pdftc_010k_1874.xml,8.703529891858805
pdftc_010k_1890.xml,8.703529891858805
pdftc_010k_1892.xml,8.703529891858805
pdftc_010k_1895.xml,8.703529891858805
pdftc_010k_1821.xml,8.704346051826159
pdftc_010k_1873.xml,8.704346051826159
pdftc_010k_1903.xml,8.704346051826159
pdftc_010k_1861.xml,8.705978371760866
pdftc_010k_1737.xml,8.70679453172822
pdftc_010k_1797.xml,8.70679453172822
pdftc_010k_1979.xml,8.707610691695573
pdftc_010k_1747.xml,8.708426851662926
pdftc_010k_1891.xml,8.710875331564987
pdftc_010k_1893.xml,8.710875331564987
pdftc_010k_1741.xml,8.714956131401754
pdftc_010k_1765.xml,8.719853091205877
pdftc_010k_1966.xml,8.722301571107938
pdftc_010k_1825.xml,8.723117731075291
pdftc_010k_1027.xml,8.726382370944705
pdftc_010k_1878.xml,8.727198530912059
pdftc_010k_1846.xml,8.728014690879412
pdftc_010k_1872.xml,8.731279330748826
pdftc_010k_1773.xml,8.735360130585594
pdftc_010k_1886.xml,8.736992450520303
pdftc_010k_1597.xml,8.740257090389717
pdftc_010k_1902.xml,8.742705570291777
pdftc_010k_1799.xml,8.745154050193838
pdftc_010k_1956.xml,8.749234850030605
pdftc_010k_2080.xml,8.749234850030605
pdftc_010k_1820.xml,8.750867169965312
pdftc_010k_1723.xml,8.754131809834728
pdftc_010k_1972.xml,8.754131809834728
pdftc_010k_1918.xml,8.76392572944297
pdftc_010k_1993.xml,8.76392572944297
pdftc_010k_2075.xml,8.768822689247093
pdftc_010k_1994.xml,8.769638849214447
pdftc_010k_2005.xml,8.77290348908386
pdftc_010k_2002.xml,8.773719649051214
pdftc_010k_2068.xml,8.775351968985921
pdftc_010k_2009.xml,8.79085900836564
pdftc_010k_2019.xml,8.7933074882677
pdftc_010k_0540.xml,8.805549887778005
pdftc_010k_2050.xml,8.945929402162824
pdftc_010k_2062.xml,8.96551724137931
pdftc_010k_1580.xml,9.101815955927362
pdftc_010k_0233.xml,9.114058355437665
pdftc_010k_1905.xml,9.453580901856764
pdftc_010k_1907.xml,9.454397061824118
pdftc_010k_1911.xml,9.454397061824118
pdftc_010k_1908.xml,9.455213221791471
pdftc_010k_1978.xml,9.469087941236483
pdftc_010k_1929.xml,9.47072026117119
pdftc_010k_1928.xml,9.471536421138543
pdftc_010k_1922.xml,9.473984901040604
pdftc_010k_1930.xml,9.474801061007957
pdftc_010k_2007.xml,9.47561722097531
pdftc_010k_1912.xml,9.476433380942664
pdftc_010k_1927.xml,9.476433380942664
pdftc_010k_1973.xml,9.476433380942664
pdftc_010k_1998.xml,9.477249540910018
pdftc_010k_2033.xml,9.477249540910018
pdftc_010k_1932.xml,9.478065700877371
pdftc_010k_1917.xml,9.478881860844725
pdftc_010k_1925.xml,9.480514180779434
pdftc_010k_2052.xml,9.481330340746787
pdftc_010k_2011.xml,9.482962660681494
pdftc_010k_1986.xml,9.486227300550908
pdftc_010k_1919.xml,9.488675780452969
pdftc_010k_1923.xml,9.490308100387676
pdftc_010k_1931.xml,9.490308100387676
pdftc_010k_1934.xml,9.490308100387676
pdftc_010k_1992.xml,9.490308100387676
pdftc_010k_1965.xml,9.49112426035503
pdftc_010k_1926.xml,9.491940420322383
pdftc_010k_1939.xml,9.491940420322383
pdftc_010k_1952.xml,9.491940420322383
pdftc_010k_1974.xml,9.491940420322383
pdftc_010k_2004.xml,9.491940420322383
pdftc_010k_1940.xml,9.492756580289736
pdftc_010k_1953.xml,9.492756580289736
pdftc_010k_1985.xml,9.49357274025709
pdftc_010k_2024.xml,9.49357274025709
pdftc_010k_2028.xml,9.49357274025709
pdftc_010k_1920.xml,9.494388900224443
pdftc_010k_1935.xml,9.494388900224443
pdftc_010k_1944.xml,9.495205060191797
pdftc_010k_2020.xml,9.495205060191797
pdftc_010k_2032.xml,9.495205060191797
pdftc_010k_2001.xml,9.496021220159152
pdftc_010k_2034.xml,9.496021220159152
pdftc_010k_1941.xml,9.496837380126506
pdftc_010k_1946.xml,9.496837380126506
pdftc_010k_2047.xml,9.496837380126506
pdftc_010k_2016.xml,9.497653540093859
pdftc_010k_1955.xml,9.498469700061213
pdftc_010k_1949.xml,9.499285860028566
pdftc_010k_1950.xml,9.499285860028566
pdftc_010k_1999.xml,9.499285860028566
pdftc_010k_2000.xml,9.499285860028566
pdftc_010k_1933.xml,9.50010201999592
pdftc_010k_1957.xml,9.50010201999592
pdftc_010k_2087.xml,9.50010201999592
pdftc_010k_1990.xml,9.500918179963273
pdftc_010k_2029.xml,9.500918179963273
pdftc_010k_2039.xml,9.500918179963273
pdftc_010k_2074.xml,9.500918179963273
pdftc_010k_2060.xml,9.501734339930627
pdftc_010k_2067.xml,9.501734339930627
pdftc_010k_2073.xml,9.501734339930627
pdftc_010k_2083.xml,9.501734339930627
pdftc_010k_1968.xml,9.50255049989798
pdftc_010k_2035.xml,9.50255049989798
pdftc_010k_2063.xml,9.50255049989798
pdftc_010k_1943.xml,9.503366659865334
pdftc_010k_2055.xml,9.504182819832687
pdftc_010k_2056.xml,9.504182819832687
pdftc_010k_2013.xml,9.50499897980004
pdftc_010k_2070.xml,9.505815139767394
pdftc_010k_2059.xml,9.508263619669455
pdftc_010k_1916.xml,9.527035298918587
pdftc_010k_0885.xml,9.573556417057743
pdftc_010k_1551.xml,9.60701897571924
pdftc_010k_0889.xml,9.622526015098959
pdftc_010k_1981.xml,9.640481534380738
pdftc_010k_2030.xml,9.732707610691696
pdftc_010k_0344.xml,9.812691287492349
pdftc_010k_0213.xml,9.82656600693736
pdftc_010k_2021.xml,9.906549683738012
pdftc_010k_0625.xml,9.929402162823914
pdftc_010k_1042.xml,10.031422158743114
pdftc_010k_1959.xml,10.079575596816976
pdftc_010k_1108.xml,10.087737196490512
pdftc_010k_0956.xml,10.113854315445828
pdftc_010k_0075.xml,10.116302795347888
pdftc_010k_0175.xml,10.117118955315242
pdftc_010k_1445.xml,10.13262599469496
pdftc_010k_1870.xml,10.134258314629667
pdftc_010k_1414.xml,10.151397673944093
pdftc_010k_0179.xml,10.188124872475004
pdftc_010k_0102.xml,10.216690471332381
pdftc_010k_1051.xml,10.219955111201795
pdftc_010k_0435.xml,10.222403591103856
pdftc_010k_0267.xml,10.2321975107121
pdftc_010k_1967.xml,10.244439910222404
pdftc_010k_1913.xml,10.27300550907978
pdftc_010k_0218.xml,10.282799428688023
pdftc_010k_1181.xml,10.297490308100388
pdftc_010k_0252.xml,10.299122628035095
pdftc_010k_0187.xml,10.300754947969802
pdftc_010k_0201.xml,10.304019587839216
pdftc_010k_0256.xml,10.30483574780657
pdftc_010k_0247.xml,10.308100387675985
pdftc_010k_0241.xml,10.309732707610692
pdftc_010k_2041.xml,10.312181187512753
pdftc_010k_2040.xml,10.312997347480106
pdftc_010k_0249.xml,10.320342787186288
pdftc_010k_0250.xml,10.320342787186288
pdftc_010k_0203.xml,10.321975107120995
pdftc_010k_0204.xml,10.321975107120995
pdftc_010k_0254.xml,10.32279126708835
pdftc_010k_0192.xml,10.323607427055704
pdftc_010k_0230.xml,10.323607427055704
pdftc_010k_0255.xml,10.323607427055704
pdftc_010k_0225.xml,10.326872066925118
pdftc_010k_0226.xml,10.327688226892471
pdftc_010k_0234.xml,10.327688226892471
pdftc_010k_0222.xml,10.330136706794532
pdftc_010k_0223.xml,10.330136706794532
pdftc_010k_0209.xml,10.330952866761885
pdftc_010k_0261.xml,10.330952866761885
pdftc_010k_0217.xml,10.332585186696592
pdftc_010k_0237.xml,10.332585186696592
pdftc_010k_0238.xml,10.332585186696592
pdftc_010k_0257.xml,10.335849826566006
pdftc_010k_0258.xml,10.335849826566006
pdftc_010k_0219.xml,10.339114466435422
pdftc_010k_0279.xml,10.34564374617425
pdftc_010k_0522.xml,10.34564374617425
pdftc_010k_0277.xml,10.351356865945725
pdftc_010k_0819.xml,10.352173025913078
pdftc_010k_0281.xml,10.355437665782494
pdftc_010k_0265.xml,10.356253825749848
pdftc_010k_0266.xml,10.356253825749848
pdftc_010k_0290.xml,10.356253825749848
pdftc_010k_0291.xml,10.356253825749848
pdftc_010k_1909.xml,10.356253825749848
pdftc_010k_0296.xml,10.357069985717201
pdftc_010k_0899.xml,10.357069985717201
pdftc_010k_0271.xml,10.36359926545603
pdftc_010k_0878.xml,10.36359926545603
pdftc_010k_0270.xml,10.364415425423383
pdftc_010k_0272.xml,10.364415425423383
pdftc_010k_0656.xml,10.36604774535809
pdftc_010k_0655.xml,10.366863905325443
pdftc_010k_1021.xml,10.366863905325443
pdftc_010k_0896.xml,10.367680065292797
pdftc_010k_1709.xml,10.369312385227504
pdftc_010k_1480.xml,10.370128545194857
pdftc_010k_1867.xml,10.37257702509692
pdftc_010k_0303.xml,10.373393185064273
pdftc_010k_0873.xml,10.381554784737808
pdftc_010k_0273.xml,10.387267904509283
pdftc_010k_0274.xml,10.388084064476637
pdftc_010k_0436.xml,10.389716384411345
pdftc_010k_0437.xml,10.390532544378699
pdftc_010k_2046.xml,10.391348704346052
pdftc_010k_2066.xml,10.391348704346052
pdftc_010k_0555.xml,10.392164864313406
pdftc_010k_0556.xml,10.392164864313406
pdftc_010k_2044.xml,10.392164864313406
pdftc_010k_2058.xml,10.392164864313406
pdftc_010k_0791.xml,10.39298102428076
pdftc_010k_0792.xml,10.39298102428076
pdftc_010k_0615.xml,10.393797184248113
pdftc_010k_0915.xml,10.39542950418282
pdftc_010k_0982.xml,10.39542950418282
pdftc_010k_0723.xml,10.396245664150173
pdftc_010k_0916.xml,10.396245664150173
pdftc_010k_0996.xml,10.396245664150173
pdftc_010k_2043.xml,10.396245664150173
pdftc_010k_1023.xml,10.397061824117527
pdftc_010k_0571.xml,10.39787798408488
pdftc_010k_0900.xml,10.39787798408488
pdftc_010k_1024.xml,10.39787798408488
pdftc_010k_1983.xml,10.39787798408488
pdftc_010k_0572.xml,10.398694144052234
pdftc_010k_0544.xml,10.399510304019588
pdftc_010k_0549.xml,10.399510304019588
pdftc_010k_0850.xml,10.399510304019588
pdftc_010k_0950.xml,10.399510304019588
pdftc_010k_0951.xml,10.399510304019588
pdftc_010k_0962.xml,10.399510304019588
pdftc_010k_0547.xml,10.400326463986941
pdftc_010k_0548.xml,10.400326463986941
pdftc_010k_0820.xml,10.400326463986941
pdftc_010k_1011.xml,10.400326463986941
pdftc_010k_2017.xml,10.400326463986941
pdftc_010k_2090.xml,10.400326463986941
pdftc_010k_0913.xml,10.401142623954295
pdftc_010k_2085.xml,10.401142623954295
pdftc_010k_0961.xml,10.401958783921648
pdftc_010k_0284.xml,10.402774943889002
pdftc_010k_1382.xml,10.402774943889002
pdftc_010k_1071.xml,10.403591103856355
pdftc_010k_1089.xml,10.405223423791064
pdftc_010k_1312.xml,10.406039583758417
pdftc_010k_0968.xml,10.408488063660478
pdftc_010k_1020.xml,10.410936543562539
pdftc_010k_1997.xml,10.410936543562539
pdftc_010k_1087.xml,10.414201183431953
pdftc_010k_1091.xml,10.415017343399306
pdftc_010k_1344.xml,10.41583350336666
pdftc_010k_1491.xml,10.432972862681085
pdftc_010k_0934.xml,10.433789022648439
pdftc_010k_1768.xml,10.444399102224036
pdftc_010k_1443.xml,10.486023260559069
pdftc_010k_0280.xml,10.503978779840848
pdftc_010k_1686.xml,10.525198938992043
pdftc_010k_0184.xml,10.527647418894103
pdftc_010k_1096.xml,10.532544378698224
pdftc_010k_0190.xml,10.535809018567639
pdftc_010k_0208.xml,10.565190777392369
pdftc_010k_0185.xml,10.568455417261783
pdftc_010k_0197.xml,10.574984697000612
pdftc_010k_1727.xml,10.57906549683738
pdftc_010k_1728.xml,10.58151397673944
pdftc_010k_0215.xml,10.591307896347685
pdftc_010k_1122.xml,10.616608855335645
pdftc_010k_1715.xml,10.617425015302999
pdftc_010k_0263.xml,10.625586614976536
pdftc_010k_0228.xml,10.62640277494389
pdftc_010k_1719.xml,10.629667414813303
pdftc_010k_1732.xml,10.630483574780657
pdftc_010k_0059.xml,10.63782901448684
pdftc_010k_0058.xml,10.642725974290961
pdftc_010k_0200.xml,10.644358294225668
pdftc_010k_0207.xml,10.645990614160375
pdftc_010k_0186.xml,10.648439094062436
pdftc_010k_0679.xml,10.670475413180984
pdftc_010k_1105.xml,10.67863701285452
pdftc_010k_1413.xml,10.682717812691287
pdftc_010k_0212.xml,10.684350132625994
pdftc_010k_0592.xml,10.685166292593347
pdftc_010k_1099.xml,10.689247092430117
pdftc_010k_1761.xml,10.694144052234238
pdftc_010k_0770.xml,10.698224852071005
pdftc_010k_1786.xml,10.726790450928382
pdftc_010k_0195.xml,10.73984901040604
pdftc_010k_0243.xml,10.7422974903081
pdftc_010k_0244.xml,10.744745970210161
pdftc_010k_0282.xml,10.744745970210161
pdftc_010k_1880.xml,10.754539889818405
pdftc_010k_1077.xml,10.759436849622526
pdftc_010k_0198.xml,10.761069169557233
pdftc_010k_1088.xml,10.761069169557233
pdftc_010k_2088.xml,10.76270148949194
pdftc_010k_1533.xml,10.763517649459294
pdftc_010k_1849.xml,10.764333809426647
pdftc_010k_0227.xml,10.765149969394
pdftc_010k_1850.xml,10.765149969394
pdftc_010k_1910.xml,10.765966129361354
pdftc_010k_1854.xml,10.770863089165477
pdftc_010k_1866.xml,10.770863089165477
pdftc_010k_1856.xml,10.77167924913283
pdftc_010k_1862.xml,10.774943889002245
pdftc_010k_1841.xml,10.775760048969598
pdftc_010k_1844.xml,10.778208528871659
pdftc_010k_0977.xml,10.779840848806366
pdftc_010k_1819.xml,10.78065700877372
pdftc_010k_1842.xml,10.78963476841461
pdftc_010k_1847.xml,10.790450928381963
pdftc_010k_1865.xml,10.79453172821873
pdftc_010k_1835.xml,10.797796368088145
pdftc_010k_1837.xml,10.797796368088145
pdftc_010k_1840.xml,10.797796368088145
pdftc_010k_0805.xml,10.806774127729035
pdftc_010k_0809.xml,10.809222607631096
pdftc_010k_1808.xml,10.81003876759845
pdftc_010k_0191.xml,10.814119567435217
pdftc_010k_1812.xml,10.815751887369924
pdftc_010k_1813.xml,10.815751887369924
pdftc_010k_0957.xml,10.823097327076107
pdftc_010k_1760.xml,10.82391348704346
pdftc_010k_0167.xml,10.825545806978168
pdftc_010k_1901.xml,10.837788206488472
pdftc_010k_0262.xml,10.838604366455826
pdftc_010k_1906.xml,10.838604366455826
pdftc_010k_1937.xml,10.840236686390533
pdftc_010k_1942.xml,10.840236686390533
pdftc_010k_0131.xml,10.841052846357886
pdftc_010k_0981.xml,10.84186900632524
pdftc_010k_1879.xml,10.845949806162007
pdftc_010k_0984.xml,10.846765966129361
pdftc_010k_1884.xml,10.846765966129361
pdftc_010k_1843.xml,10.849214446031421
pdftc_010k_1888.xml,10.851662925933484
pdftc_010k_0194.xml,10.852479085900837
pdftc_010k_0888.xml,10.852479085900837
pdftc_010k_1848.xml,10.855743725770251
pdftc_010k_1404.xml,10.859824525607019
pdftc_010k_1881.xml,10.860640685574372
pdftc_010k_0302.xml,10.863089165476433
pdftc_010k_1031.xml,10.866353805345847
pdftc_010k_1339.xml,10.867986125280556
pdftc_010k_0165.xml,10.870434605182616
pdftc_010k_0136.xml,10.87125076514997
pdftc_010k_1883.xml,10.872883085084677
pdftc_010k_0752.xml,10.874515405019384
pdftc_010k_1358.xml,10.874515405019384
pdftc_010k_1554.xml,10.874515405019384
pdftc_010k_1555.xml,10.874515405019384
pdftc_010k_1556.xml,10.875331564986737
pdftc_010k_1144.xml,10.89655172413793
pdftc_010k_1083.xml,10.912874923485003
pdftc_010k_0205.xml,10.91450724341971
pdftc_010k_0171.xml,10.929198122832075
pdftc_010k_1073.xml,10.929198122832075
pdftc_010k_0163.xml,10.930014282799428
pdftc_010k_0172.xml,10.930014282799428
pdftc_010k_0161.xml,10.930830442766782
pdftc_010k_0169.xml,10.930830442766782
pdftc_010k_0162.xml,10.932462762701489
pdftc_010k_0170.xml,10.932462762701489
pdftc_010k_0160.xml,10.934095082636198
pdftc_010k_0090.xml,10.938992042440319
pdftc_010k_1756.xml,10.939808202407672
pdftc_010k_1028.xml,10.951234441950623
pdftc_010k_0645.xml,10.954499081820037
pdftc_010k_0719.xml,10.956131401754744
pdftc_010k_1143.xml,10.957763721689451
pdftc_010k_1147.xml,10.961028361558865
pdftc_010k_0526.xml,10.961844521526219
pdftc_010k_1047.xml,10.961844521526219
pdftc_010k_0883.xml,10.962660681493572
pdftc_010k_1060.xml,10.965109161395633
pdftc_010k_2026.xml,10.965925321362986
pdftc_010k_1082.xml,10.967557641297695
pdftc_010k_1102.xml,10.968373801265049
pdftc_010k_1362.xml,10.968373801265049
pdftc_010k_1161.xml,10.969189961232402
pdftc_010k_1123.xml,10.97082228116711
pdftc_010k_1204.xml,10.97082228116711
pdftc_010k_1213.xml,10.972454601101816
pdftc_010k_1963.xml,10.98469700061212
pdftc_010k_1264.xml,10.992858600285656
pdftc_010k_1970.xml,10.994490920220363
pdftc_010k_1936.xml,10.99612324015507
pdftc_010k_1146.xml,11.001836359926546
pdftc_010k_1947.xml,11.001836359926546
pdftc_010k_1127.xml,11.018975719240972
pdftc_010k_0287.xml,11.0255049989798
pdftc_010k_1412.xml,11.03448275862069
pdftc_010k_1267.xml,11.036115078555397
pdftc_010k_1954.xml,11.036931238522751
pdftc_010k_2061.xml,11.049989798000409
pdftc_010k_0999.xml,11.066312997347481
pdftc_010k_0729.xml,11.070393797184249
pdftc_010k_1008.xml,11.08426851662926
pdftc_010k_0232.xml,11.089981636400735
pdftc_010k_1032.xml,11.101407875943686
pdftc_010k_1743.xml,11.103040195878393
pdftc_010k_0978.xml,11.107937155682514
pdftc_010k_0109.xml,11.111201795551928
pdftc_010k_0108.xml,11.112017955519281
pdftc_010k_1055.xml,11.117731075290758
pdftc_010k_1179.xml,11.134870434605183
pdftc_010k_1081.xml,11.139767394409304
pdftc_010k_1961.xml,11.141399714344011
pdftc_010k_0460.xml,11.151193633952255
pdftc_010k_1246.xml,11.152009793919609
pdftc_010k_1197.xml,11.163436033462558
pdftc_010k_1037.xml,11.166700673331974
pdftc_010k_0995.xml,11.171597633136095
pdftc_010k_1059.xml,11.182207712711692
pdftc_010k_2053.xml,11.185472352581106
pdftc_010k_1090.xml,11.18628851254846
pdftc_010k_2054.xml,11.187920832483167
pdftc_010k_2014.xml,11.190369312385227
pdftc_010k_1093.xml,11.204244031830239
pdftc_010k_1085.xml,11.2066925117323
pdftc_010k_1804.xml,11.23607427055703
pdftc_010k_1112.xml,11.236890430524383
pdftc_010k_2057.xml,11.251581309936748
pdftc_010k_1394.xml,11.252397469904102
pdftc_010k_0866.xml,11.302999387880025
pdftc_010k_0906.xml,11.31116098755356
pdftc_010k_0189.xml,11.311977147520913
pdftc_010k_1010.xml,11.316057947357683
pdftc_010k_0202.xml,11.329932666802693
pdftc_010k_1563.xml,11.344623546215058
pdftc_010k_1442.xml,11.391144664354213
pdftc_010k_1045.xml,11.393593144256274
pdftc_010k_1389.xml,11.394409304223627
pdftc_010k_1638.xml,11.39522546419098
pdftc_010k_0400.xml,11.400938583962457
pdftc_010k_0864.xml,11.430320342787187
pdftc_010k_0148.xml,11.44909202203632
pdftc_010k_1158.xml,11.462966741481331
pdftc_010k_0442.xml,11.468679861252806
pdftc_010k_0146.xml,11.475209140991634
pdftc_010k_0220.xml,11.476025300958987
pdftc_010k_0216.xml,11.481738420730464
pdftc_010k_1416.xml,11.491532340338706
pdftc_010k_0166.xml,11.493164660273413
pdftc_010k_1767.xml,11.493980820240767
pdftc_010k_1683.xml,11.506223219751071
pdftc_010k_1984.xml,11.538869618445215
pdftc_010k_1945.xml,11.570699857172006
pdftc_010k_1915.xml,11.57641297694348
pdftc_010k_0835.xml,11.609059375637624
pdftc_010k_1164.xml,11.63517649459294
pdftc_010k_1080.xml,11.671903693123852
pdftc_010k_1186.xml,11.686594572536217
pdftc_010k_0206.xml,11.706998571720057
pdftc_010k_0221.xml,11.797592328096307
pdftc_010k_1086.xml,11.88900224443991
pdftc_010k_1924.xml,11.942868802285249
pdftc_010k_0803.xml,12.12242399510304
